Workbook
Name SegmentaciónDeDatos_Apellido_y_Nombre: #N/A
Name SegmentaciónDeDatos_Apellido_y_Nombre1: #N/A
Name SegmentaciónDeDatos_Apellido_y_Nombre2: #N/A
Name SegmentaciónDeDatos_Consultorio: #N/A
Name SegmentaciónDeDatos_dia: #N/A
Name SegmentaciónDeDatos_dia1: #N/A
Name SegmentaciónDeDatos_dia11: #N/A
Name SegmentaciónDeDatos_dia2: #N/A
Name SegmentaciónDeDatos_dia3: #N/A
Name SegmentaciónDeDatos_PRESTACION___Inserte_1_Fila_x_Prestacion_x_Paciente_: #N/A
Name SegmentaciónDeDatos_Servicio: #N/A
Name SegmentaciónDeDatos_Servicio1: #N/A
Name SegmentaciónDeDatos_Servicio2: #N/A

Sheet pacientes
A1: OPERADOR | B1: ESTADO | C1: AUTORIZACION | D1: TURNO | E1: PACIENTE | F1: O. SOCIAL | G1: CUIL | H1: N° Afiliado | I1: Columna1
A2: MCaceres | B2: En proceso | D2: T.M | E2: FERREYRA SALAS ENZO ABEL | F2: IOSFA | G2: 20 56900905 8 | H2: 0-21046903
A3: MCaceres | B3: En proceso | D3: T.M | E3: TRONCOSO GONZALO | F3: IOSFA | G3: 20 565679 7 | H3: 56729-4/01
A4: MCaceres | B4: En proceso | D4: T.M | E4: CASCO SANCHEZ MAXIMO GIOVANNI | F4: IOSFA | G4: 20 58801951 6 | H4: 3188870/01
A5: MCaceres | B5: En proceso | D5: T.T | E5: CESTARES GARRAZA FABRIZIO IVAN | F5: IOSFA | G5: 23 41115266 9 | H5: 41115266
A6: MCaceres | B6: En proceso | D6: T.T | E6: JIMENEZ ALEJANDRO EZEQUIEL | F6: IOSFA | G6: 23 52157750 9 | H6: 52157750
A7: MCaceres | B7: En proceso | D7: T.T | E7: PEREYRA OVIEDO MARTINA AYLEN | F7: IOSFA | G7: 27 49959924 8 | H7: 297338/13
A8: MCaceres | B8: En proceso | D8: T.T | E8: ROBIN FELIPE BENJAMIN | F8: IOSFA | G8: 20 57566237 5 | H8: 57566237
A9: MCaceres | B9: En proceso | D9: T.T | E9: TOLEDO LIAM ANGEL | F9: IOSFA | G9: 20 55286279 2 | H9: 55286279
A10: MCaceres | B10: En proceso | D10: T.T | E10: VACA LAUTARO DANTE | F10: IOSFA | G10: 20 55523986 7 | H10: 38790511
A11: JHidalgo | B11: En proceso | D11: T.T | E11: FLINT CONSTANTINO | F11: IOSFA | G11: 20 53263976 0 | H11: 102085/02
A12: JHidalgo | B12: En proceso | D12: T.T | E12: BUSTAMANTE MATEO JOEL | F12: IOSFA | G12: 20 55605475 5 | H12: 32123010
A13: JHidalgo | B13: En proceso | D13: T.T | E13: PATAGUA THEO VALENTIN | F13: IOSFA | G13: 20 53627821 5 | H13: 387656/4
A14: JHidalgo | B14: En proceso | D14: T.M | E14: MARTINEZ MARTA OLINDA | F14: IOSFA | G14: 27 13841061 2 | H14: 124418/01
A15: JHidalgo | B15: En proceso | D15: T.T | E15: MONTENEGRO DEVRAN SAMUEL | F15: IOSFA | G15: 20 55288753 1 | H15: 55288753
A16: JHidalgo | B16: En proceso | D16: T.T | E16: HOYOS LEIVA IGNACIO | F16: IOSFA | G16: 20 57360441 6 | H16: 57360441
A17: JHidalgo | B17: En proceso | D17: T.T | E17: PONCE BARGAS MIA AGOSTINA | F17: IOSFA | G17: 27 52158638 4 | H17: 207122/2
A18: JHidalgo | B18: En proceso | D18: T.T | E18: PONCE BARGAS TOMAS | F18: IOSFA | G18: 20 54474550 7 | H18: 20712203
A19: JHidalgo | B19: En proceso | D19: T.M | E19: CUELLO DANIEL NICOLAS | F19: IOSFA | G19: 20 10873745 0 | H19: 11109400
A20: JHidalgo | B20: En proceso | D20: T.T | E20: CATRAMBONI FABRIZZIO FRANCESCO | F20: IOSFA | G20: 20 56242157 3 | H20: 204884/02
A21: JHidalgo | B21: En proceso | D21: T.T | E21: DALLIA ASHLY KAORI | F21: IOSFA | G21: 27 56035740 6 | H21: 321585/13
A22: JHidalgo | B22: En proceso | D22: T.T | E22: RODRIGUEZ LEON PATRICIO | F22: IOSFA | G22: 20 54016666 9 | H22: 321878/13
A23: MCaceres | B23: En proceso | D23: T.T | E23: VILLARREAL BENJAMIN IGNACIO | F23: IOSFA | G23: 23 58162597 9 | H23: 3148685
A24: MCaceres | B24: En proceso | D24: T.T | E24: VARGAS PAZ MIA ISABELLA | F24: IOSFA | G24: 27 57192465 5 | H24: 57192465
A25: JHidalgo | B25: En proceso | D25: T.M | E25: VILCHEZ JORGE FABIAN | F25: OSUTHGRA | G25: 20 29607441 2 | H25: 27056084342 / 01
A26: JHidalgo | B26: En proceso | D26: T.M | E26: CARABAJAL PINEDA THIAGO EZEQUIEL | F26: OSUTHGRA | G26: 20 50326180 5 | H26: 20229450175/04
A27: JHidalgo | B27: En proceso | D27: T.M | E27: HEREDIA BAUTISTA SAMUEL | F27: OSUTHGRA | G27: 20 56065972 6 | H27: 20426424488 3
A28: JHidalgo | B28: En proceso | D28: T.T | E28: ZAPATA LAUTARO JESUS | F28: OSUTHGRA | G28: 20 46034103 6 | H28: 20261797500 / 02
A29: JHidalgo | B29: En proceso | D29: T.M | E29: ESQUIVEL ALVARO SAMUEL | F29: OSUTHGRA | G29: 20 59043837 6 | H29: 20353252233 /02
A30: JHidalgo | B30: En proceso | D30: T.M | E30: PINTO LOURDES VICTORIA | F30: OSUTHGRA | G30: 27 57529063 4 | H30: 20405185793/ 01
A31: JHidalgo | B31: En proceso | D31: T.T | E31: IRUSTA MENA DANIEL EMILIANO | F31: OSUTHGRA | G31: 20 50937171 8 | H31: 27332011095 /01
A32: JHidalgo | B32: En proceso | D32: T.T | E32: IRUSTA MENA IVAN LISANDRO | F32: OSUTHGRA | G32: 20 52235175 0 | H32: 27332011095 /02
A33: JHidalgo | B33: En proceso | D33: T.T | E33: LIMACHI DARIO ALEXIS | F33: OSUTHGRA | G33: 20 45595176 4 | H33: 23185586294 /01
A34: JHidalgo | B34: En proceso | D34: T.T | E34: OLIVARES LUNA APRIL BELEN | F34: OSUTHGRA | G34: 27 95240834 3 | H34: 20952408330 /03
A35: JHidalgo | B35: En proceso | D35: T.T | E35: OLIVARES LUNA JOSUE DANYEL | F35: OSUTHGRA | G35: 20 56538779 1 | H35: 20952408330 /05
A36: JHidalgo | B36: En proceso | D36: T.T | E36: LOZA JUAN IGNACIO | F36: OSUTHGRA | G36: 20 49404543 6 | H36: 27333209255 /02
A37: JHidalgo | D37: T.T | E37: LOZA TICIANO BENJAMIN | F37: OSUTHGRA | G37: 20 50000750 9 | H37: 27333209255 /03
A38: JHidalgo | D38: T.T | E38: FUNES ANGELA LUCIA | F38: OSUTHGRA | G38: 27 50080999 5 | H38: 27291103214 /03
A39: JHidalgo | D39: T.T | E39: TELLO FRANCISCO MANUEL | F39: OSUTHGRA | G39: 20 55287655 6 | H39: 20219023058 /04
A40: JHidalgo | D40: T.T | E40: LLANES BUSTOS BRISA MILAGROS DESIREE | F40: OSUTHGRA | G40: 27 49287777 3 | H40: 27352124392 /02
A41: JHidalgo | D41: T.T | E41: MONTOYA ROCIO MILENA | F41: OSUTHGRA | G41: 27 55460355 1 | H41: 23263130014 /06
A42: JHidalgo | D42: T.T | E42: TOBARES WALDO EMILIO | F42: OSUTHGRA | G42: 20 27212436 2 | H42: 20272124362 /00
A43: JHidalgo | D43: T.T | E43: AGUIRRE FRANCISCO SIMON | F43: OSUTHGRA | G43: 20 50594826 3 | H43: 20-27628930-7/03
A44: MCaceres | B44: En proceso | D44: T.M | E44: ACOSTA CELESTE SOLEDAD | F44: OSUTHGRA | G44: 27 38183145 6 | H44: 20-14183549-2/03
A45: MCaceres | B45: En proceso | D45: T.M | E45: MOLFA COMUN KALED JOSUE | F45: OSUTHGRA | G45: 20 49863624 2 | H45: 20236478301 / 02
A46: MCaceres | B46: En proceso | D46: T.M | E46: RODRIGUEZ LEWEL | F46: OSUTHGRA | G46: 20 38407351 5 | H46: 20167406662 /01
A47: MCaceres | B47: En proceso | D47: T.M | E47: VENTURA GUZMAN SOFIA CELESTE | F47: OSUTHGRA | G47: 27 48068792 8 | H47: 27948418768 /02
A48: MCaceres | B48: En proceso | D48: T.M | E48: HEREDIA MAMANI THIAGO EMILIANO | F48: OSUTHGRA | G48: 20 50937626 4 | H48: 20426424488 / 02
A49: MCaceres | B49: En proceso | D49: T.M | E49: BRUNO MARCOS GABRIEL | F49: OSUTHGRA | G49: 20 46125634 2 | H49: 23232879149 / 03
A50: MCaceres | B50: En proceso | D50: T.M | E50: MONTIVERO LUDUEÑA TOBIAS ALEXADER | F50: OSUTHGRA | G50: 20 53226535 6 | H50: 24338091512 /2
A51: MCaceres | B51: En proceso | D51: T.T | E51: BARRIONUEVO ZAIRA MAYLEN | F51: OSUTHGRA | G51: 27 49501662 0 | H51: 20281166957 / 03
A52: MCaceres | B52: En proceso | D52: T.T | E52: LASTRA BIANCA GUADALUPE | F52: OSUTHGRA | G52: 27 50835463 6 | H52: 27244636565 /02
A53: MCaceres | B53: En proceso | D53: T.T | E53: CARRIZO NOAH LIHUEN | F53: OSUTHGRA | G53: 20 57527155 4 | H53: 20290291586 /03
A54: MCaceres | B54: En proceso | D54: T.T | E54: MATASSI TULIO ALEJANDRO | F54: OSUTHGRA | G54: 20 54476419 6 | H54: 20378206988 /02
A55: MCaceres | B55: En proceso | D55: T.T | E55: MATASSI BENICIO JOAQUIN | F55: OSUTHGRA | G55: 20 58651742 3 | H55: 20378206988 /03
... A65: MCaceres | B65: En proceso | D65: T.M | E65: CABILLON PEDROZO SELENIA AIMÉ | F65: OSCCPTAC (CAMIONEROS) | G65: 27 54777860 5 | H65: 19825/05
A66: MCaceres | D66: T.M | E66: LOPEZ MIRANDA THIAGO | F66: OSCEP (SIPSSA) | G66: 20 58678870 2 | H66: 041-32623222-02
A67: MCaceres | B67: En proceso | D67: T.M | E67: CARNERO ESMERALDA | F67: OSCEP (SIPSSA) | G67: 27 58587689 0 | H67: 031-41889007-01
A68: MCaceres | D68: T.T | E68: MOYA BRUNO CALIXTO | F68: OSCEP (SIPSSA) | G68: 20 56764235 7 | H68: 3227656849 / 03
A69: MCaceres | D69: T.T | E69: GUANANJA AGUIRRE EIDAN MAXIMO | F69: OSCEP (SIPSSA) | G69: 20 56060440 9 | H69: 032-39622948-02
A70: MCaceres | D70: T.T | E70: CHACOMA YAZIE ALEJO | F70: OSSACRA | G70: 20 48533126 4 | H70: 340339602400510 1
A71: MCaceres | D71: T.T | E71: COLMENARES RODRIGUEZ MARTIN RICARDO | F71: OSSACRA | G71: 23 53262044 9 | H71: 150352101300510 3
A72: JHidalgo | D72: T.T | E72: GOMEZ GARCIA VICTORIA ABRIL | F72: OSSACRA | G72: 27 49555740 0 | H72: 104604601300080 2
A73: JHidalgo | D73: T.T | E73: CUELLO BARRERA TIAGO JESUS | F73: OSSACRA | G73: 20 47663005 4 | H73: 340334002400080 0
A74: JHidalgo | D74: T.M | E74: MEDINA ALMA JAZMIN | F74: OSPECON | G74: 27 56761376 9 | H74: 56761376
A75: JHidalgo | D75: T.M | E75: HEREDIA OLIVERA VALENTINO | F75: OSPECON | G75: 20 57069398 1 | H75: 57069398
A76: JHidalgo | D76: T.T | E76: CAROLI VILLARREAL AXEL BENJAMIN | F76: OSSOELSAC | G76: 20 47475219 5 | H76: 47475219
A77: JHidalgo | D77: T.T | E77: PONCE MAXIMILIANO VALENTIN | F77: OSSOELSAC | G77: 20 55522788 5 | H77: 55522788
A78: JHidalgo | D78: T.T | E78: CAMPOS LUNA ESTEFANIA | F78: OSSOELSAC | G78: 27 50938211 0 | H78: 50938211
A79: JHidalgo | D79: T.T | E79: CAMPOS AMBAR AILIN | F79: OSSOELSAC | G79: 27 56761456 0 | H79: 56761456
A80: JHidalgo | D80: T.M | E80: GIACOM BLADIMIR ADAN RAMON | F80: OSSOELSAC | G80: 20 49953438 9 | H80: 49953438
A81: JHidalgo | D81: T.M | E81: PAFFUME TAPIA IGNACIO | F81: OSSOELSAC | G81: 20 55287245 7 | H81: 55287245
A82: JHidalgo | D82: T.M | E82: MONTENEGRO JESUS BAUTISTA | F82: OSSOELSAC | G82: 20 54758836 4 | H82: 54758836
A83: JHidalgo | D83: T.T | E83: LEITON LUCAS NICOLAS | F83: OSSOELSAC | G83: 20 51277006 2 | H83: 51277006
A84: JHidalgo | D84: T.T | E84: PERALTA ISAAC | F84: OSSOELSAC | G84: 20 59043324 2 | H84: 59043324
A85: JHidalgo | D85: T.T | E85: FERNANDEZ PEREZ FACUNDO JAVIER | F85: OSPRERA | G85: 20 53845907 1 | H85: 53845907
A86: JHidalgo | D86: T.M | E86: MARCEL OSCAR LUIS | F86: OSPRERA | G86: 20 11188567 3 | H86: 927145986198/2
A87: JHidalgo | D87: T.T | E87: BALTAZAR BERNAL HANNA MARTINA | F87: OSPES | G87: 27 56979317 9 | H87: 3553121503 A
A88: JHidalgo | D88: T.T | E88: BALTAZAR BERNAL ALISON | F88: OSPES | G88: 20 58388479 4 | H88: 35531215032A
A89: JHidalgo | D89: T.T | E89: BALTAZAR BERNAL ISABELLA MILENA | F89: OSPES | G89: 27 59293525 8 | H89: 35531215-03.3-A
A90: JHidalgo | D90: T.T | E90: OLIVA MARTINEZ AXEL JAEL | F90: OSECAC | G90: 20 49286922 9 | H90: 49286922
A91: JHidalgo | D91: T.M | E91: COLAZO SANCHEZ SEBASTIAN ANDRES | F91: OSECAC | G91: 20 52232022 7 | H91: 52232022
A92: JHidalgo | D92: T.T | E92: LAZARTE MATEO LIONEL | F92: OSPLAD | G92: 20 54760543 9 | H92: 20547605439
A93: JHidalgo | D93: T.T | E93: RAMIREZ CORTEZ EZEQUIEL TOMAS | F93: OSTPCPHYARA (PASTELEROS) | G93: 20 46884311 1 | H93: 10004505
A94: JHidalgo | D94: T.M | E94: ORELLANO ZOTAR WALTER ALEC | F94: OSTPCPHYARA (PASTELEROS) | G94: 23 46973958 9 | H94: 13344
A95: JHidalgo | D95: T.M | E95: GONZALEZ VERA MATEO | F95: OSPOCE (SWISS MEDICAL) | G95: 20 57154079 8 | H95: 800006068365903102-7
A96: JHidalgo | D96: T.T | E96: DIAZ ROMAN VALENTIN | F96: OSME (UNIMED) | G96: 20 56246341 1 | H96: 101562463410-1
A97: MCaceres | B97: En proceso | D97: T.T | E97: VELEZ RAMIRO YAMIL | F97: OSADEF | G97: 20 50092307 6 | H97: 27-28270490-6/02
A98: MCaceres | B98: En proceso | D98: T.M | E98: PAEZ FORMOSO LEON BENJAMIN | F98: OSPE | G98: 23 57744491 9 | H98: 27-28273125-3/03
A99: MCaceres | B99: En proceso | D99: T.M | E99: GOROCITO FIORE MARTINO | F99: OSPE | G99: 20 52228357 7 | H99: 27-32035010-2/01
A100: MCaceres | B100: En proceso | D100: T.M | E100: ESPAÑA VICTORIA RENATA | F100: OSPE | G100: 27 57150283 1 | H100: 20-40963717-6/01
A101: MCaceres | B101: En proceso | D101: T.T | E101: ARGUELLO THOMAS ALEJO | F101: OSPE | G101: 20 47820033 2 | H101: 20-26177219-2/03
A102: MCaceres | B102: En proceso | D102: T.T | E102: FRONTERA TOBIAS EZEQUIEL | F102: OSPE | G102: 23 53076004 9 | H102: 27-32239913-3/01
A103: MCaceres | B103: En proceso | D103: T.T | E103: JAZBEC JEREMIAS | F103: OSPE | G103: 20 54305212 5 | H103: 20-17844722-0/04
A104: MCaceres | B104: En proceso | D104: T.T | E104: MURUA BALTHAZAR | F104: OSPE | G104: 20 57529882 7 | H104: 27-35576184-9/01
A105: MCaceres | B105: En proceso | D105: T.T | E105: MARTINEZ LORENZO | F105: OSPE | G105: 20 50628686 8 | H105: 27-248411495-1
A106: JHidalgo | D106: T.T | E106: HEREDIA JOAQUIN | F106: OSPECON
A107: JHidalgo | D107: T.T | E107: AMAYA TADEO BENJAMIN | F107: OSBLYCA (SERVIRED)
A108: JHidalgo | E108: CALLEJO LIONEL ALEXANDER | F108: OSBLYCA (SERVIRED)
A109: JHidalgo | E109: CATA CATA CARRANZA JOHAN AGUSTIN | F109: OSBLYCA (SERVIRED)
...

Sheet lista ordenada
A1: LISTA PACIENTES ORDENADA | B1: CUIL | C1: OBRA SOCIAL
A2: {=+_xlfn._xlws.SORT(_xlfn.UNIQUE(Tabla2[PACIENTE]),1,1)} -> ACOSTA CELESTE SOLEDAD | B2: =+_xlfn.XLOOKUP(A2,pacientes!E:E,pacientes!G:G,0,FALSE) -> 27 38183145 6 | C2: =+_xlfn.XLOOKUP(A2,pacientes!E:E,pacientes!F:F,0,FALSE) -> OSUTHGRA
A3: AGUIRRE FRANCISCO SIMON | B3: =+_xlfn.XLOOKUP(A3,pacientes!E:E,pacientes!G:G,0,FALSE) -> 20 50594826 3 | C3: =+_xlfn.XLOOKUP(A3,pacientes!E:E,pacientes!F:F,0,FALSE) -> OSUTHGRA
A4: AMAYA TADEO BENJAMIN | B4: =+_xlfn.XLOOKUP(A4,pacientes!E:E,pacientes!G:G,0,FALSE) -> 0 | C4: =+_xlfn.XLOOKUP(A4,pacientes!E:E,pacientes!F:F,0,FALSE) -> OSBLYCA (SERVIRED)
A5: ARGUELLO THOMAS ALEJO | B5: =+_xlfn.XLOOKUP(A5,pacientes!E:E,pacientes!G:G,0,FALSE) -> 20 47820033 2 | C5: =+_xlfn.XLOOKUP(A5,pacientes!E:E,pacientes!F:F,0,FALSE) -> OSPE
A6: BALTAZAR BERNAL ALISON | B6: =+_xlfn.XLOOKUP(A6,pacientes!E:E,pacientes!G:G,0,FALSE) -> 20 58388479 4 | C6: =+_xlfn.XLOOKUP(A6,pacientes!E:E,pacientes!F:F,0,FALSE) -> OSPES
A7: BALTAZAR BERNAL HANNA MARTINA | B7: =+_xlfn.XLOOKUP(A7,pacientes!E:E,pacientes!G:G,0,FALSE) -> 27 56979317 9 | C7: =+_xlfn.XLOOKUP(A7,pacientes!E:E,pacientes!F:F,0,FALSE) -> OSPES
A8: BALTAZAR BERNAL ISABELLA MILENA | B8: =+_xlfn.XLOOKUP(A8,pacientes!E:E,pacientes!G:G,0,FALSE) -> 27 59293525 8 | C8: =+_xlfn.XLOOKUP(A8,pacientes!E:E,pacientes!F:F,0,FALSE) -> OSPES
A9: BARRERA WALTER DANIEL | B9: =+_xlfn.XLOOKUP(A9,pacientes!E:E,pacientes!G:G,0,FALSE) -> 20 12741216 3 | C9: =+_xlfn.XLOOKUP(A9,pacientes!E:E,pacientes!F:F,0,FALSE) -> OSPLYFC
A10: BARRIONUEVO ZAIRA MAYLEN | B10: =+_xlfn.XLOOKUP(A10,pacientes!E:E,pacientes!G:G,0,FALSE) -> 27 49501662 0 | C10: =+_xlfn.XLOOKUP(A10,pacientes!E:E,pacientes!F:F,0,FALSE) -> OSUTHGRA
A11: BRUNO MARCOS GABRIEL | B11: =+_xlfn.XLOOKUP(A11,pacientes!E:E,pacientes!G:G,0,FALSE) -> 20 46125634 2 | C11: =+_xlfn.XLOOKUP(A11,pacientes!E:E,pacientes!F:F,0,FALSE) -> OSUTHGRA
A12: BUSTAMANTE MATEO JOEL | B12: =+_xlfn.XLOOKUP(A12,pacientes!E:E,pacientes!G:G,0,FALSE) -> 20 55605475 5 | C12: =+_xlfn.XLOOKUP(A12,pacientes!E:E,pacientes!F:F,0,FALSE) -> IOSFA
A13: CABILLON PEDROZO SELENIA AIMÉ | B13: =+_xlfn.XLOOKUP(A13,pacientes!E:E,pacientes!G:G,0,FALSE) -> 27 54777860 5 | C13: =+_xlfn.XLOOKUP(A13,pacientes!E:E,pacientes!F:F,0,FALSE) -> OSCCPTAC (CAMIONEROS)
A14: CALLEJO LIONEL ALEXANDER | B14: =+_xlfn.XLOOKUP(A14,pacientes!E:E,pacientes!G:G,0,FALSE) -> 0 | C14: =+_xlfn.XLOOKUP(A14,pacientes!E:E,pacientes!F:F,0,FALSE) -> OSBLYCA (SERVIRED)
... A118: ZAPATA LAUTARO JESUS | B118: =+_xlfn.XLOOKUP(A118,pacientes!E:E,pacientes!G:G,0,FALSE) -> 20 46034103 6 | C118: =+_xlfn.XLOOKUP(A118,pacientes!E:E,pacientes!F:F,0,FALSE) -> OSUTHGRA
A119: 0 | B119: =+_xlfn.XLOOKUP(A119,pacientes!E:E,pacientes!G:G,0,FALSE) -> 0 | C119: =+_xlfn.XLOOKUP(A119,pacientes!E:E,pacientes!F:F,0,FALSE) -> 0
B120: =+_xlfn.XLOOKUP(A120,pacientes!E:E,pacientes!G:G,0,FALSE) -> 0 | C120: =+_xlfn.XLOOKUP(A120,pacientes!E:E,pacientes!F:F,0,FALSE) -> 0
B121: =+_xlfn.XLOOKUP(A121,pacientes!E:E,pacientes!G:G,0,FALSE) -> 0 | C121: =+_xlfn.XLOOKUP(A121,pacientes!E:E,pacientes!F:F,0,FALSE) -> 0
B122: =+_xlfn.XLOOKUP(A122,pacientes!E:E,pacientes!G:G,0,FALSE) -> 0 | C122: =+_xlfn.XLOOKUP(A122,pacientes!E:E,pacientes!F:F,0,FALSE) -> 0
B123: =+_xlfn.XLOOKUP(A123,pacientes!E:E,pacientes!G:G,0,FALSE) -> 0 | C123: =+_xlfn.XLOOKUP(A123,pacientes!E:E,pacientes!F:F,0,FALSE) -> 0
B124: =+_xlfn.XLOOKUP(A124,pacientes!E:E,pacientes!G:G,0,FALSE) -> 0 | C124: =+_xlfn.XLOOKUP(A124,pacientes!E:E,pacientes!F:F,0,FALSE) -> 0
B125: =+_xlfn.XLOOKUP(A125,pacientes!E:E,pacientes!G:G,0,FALSE) -> 0 | C125: =+_xlfn.XLOOKUP(A125,pacientes!E:E,pacientes!F:F,0,FALSE) -> 0
B126: =+_xlfn.XLOOKUP(A126,pacientes!E:E,pacientes!G:G,0,FALSE) -> 0 | C126: =+_xlfn.XLOOKUP(A126,pacientes!E:E,pacientes!F:F,0,FALSE) -> 0
B127: =+_xlfn.XLOOKUP(A127,pacientes!E:E,pacientes!G:G,0,FALSE) -> 0 | C127: =+_xlfn.XLOOKUP(A127,pacientes!E:E,pacientes!F:F,0,FALSE) -> 0
B128: =+_xlfn.XLOOKUP(A128,pacientes!E:E,pacientes!G:G,0,FALSE) -> 0 | C128: =+_xlfn.XLOOKUP(A128,pacientes!E:E,pacientes!F:F,0,FALSE) -> 0
B129: =+_xlfn.XLOOKUP(A129,pacientes!E:E,pacientes!G:G,0,FALSE) -> 0 | C129: =+_xlfn.XLOOKUP(A129,pacientes!E:E,pacientes!F:F,0,FALSE) -> 0
B130: =+_xlfn.XLOOKUP(A130,pacientes!E:E,pacientes!G:G,0,FALSE) -> 0 | C130: =+_xlfn.XLOOKUP(A130,pacientes!E:E,pacientes!F:F,0,FALSE) -> 0
B131: =+_xlfn.XLOOKUP(A131,pacientes!E:E,pacientes!G:G,0,FALSE) -> 0 | C131: =+_xlfn.XLOOKUP(A131,pacientes!E:E,pacientes!F:F,0,FALSE) -> 0
... B269: =+_xlfn.XLOOKUP(A269,pacientes!E:E,pacientes!G:G,0,FALSE) -> 0 | C269: =+_xlfn.XLOOKUP(A269,pacientes!E:E,pacientes!F:F,0,FALSE) -> 0

Sheet BASE PACIENTES 2026
A1: Source.Name | B1: OPERADOR | C1: ESTADO | D1: AUTORIZACION | E1: TURNO | F1: PACIENTE | G1: O. SOCIAL | H1: CUIL | I1: N° Afiliado | J1: MÓDULO
A2: PLANES 2026.xlsx | B2: MCaceres | C2: BAJA | D2: BAJA | E2: T.M | F2: FERREYRA SALAS ENZO ABEL | G2: IOSFA | H2: 20 56900905 8 | I2: 0-21046903 | J2: REHAB.INTENSIVO + CAI
A3: PLANES 2026.xlsx | B3: MCaceres | C3: ACTIVO | D3: 46387 | E3: T.M | F3: TRONCOSO GONZALO | G3: IOSFA | H3: 20 0565679 7 | I3: 56729-4/01 | J3: REHAB.SIMPLE
A4: PLANES 2026.xlsx | B4: MCaceres | C4: ACTIVO | D4: 46387 | E4: T.M | F4: CASCO SANCHEZ MAXIMO GIOVANNI | G4: IOSFA | H4: 20 58881951 6 | I4: 3188870/01 | J4: REHAB. SIMPLE + CAI
A5: PLANES 2026.xlsx | B5: MCaceres | C5: ACTIVO | D5: 46299 | E5: T.T | F5: CESTARES GARRAZA FABRIZIO IVAN | G5: IOSFA | H5: 23 41115266 9 | I5: 41115266 | J5: REHAB.SIMPLE
A6: PLANES 2026.xlsx | B6: MCaceres | C6: ACTIVO | D6: 46387 | E6: T.T | F6: JIMENEZ ALEJANDRO EZEQUIEL | G6: IOSFA | H6: 23 52157750 9 | I6: 52157750 | J6: REHAB.SIMPLE
A7: PLANES 2026.xlsx | B7: MCaceres | C7: BAJA | D7: BAJA | E7: T.T | F7: PEREYRA OVIEDO MARTINA AYLEN | G7: IOSFA | H7: 27 49959924 8 | I7: 297338/13 | J7: REHAB. SIMPLE + CAI
A8: PLANES 2026.xlsx | B8: MCaceres | C8: ACTIVO | D8: 46387 | E8: T.T | F8: ROBIN FELIPE BENJAMIN | G8: IOSFA | H8: 20 57566237 5 | I8: 57566237 | J8: REHAB.INTENSIVO + CAI
A9: PLANES 2026.xlsx | B9: MCaceres | C9: ACTIVO | D9: 46387 | E9: T.T | F9: TOLEDO LIAM ANGEL | G9: IOSFA | H9: 20 55286279 2 | I9: 55286279 | J9: REHAB. SIMPLE + CAI
A10: PLANES 2026.xlsx | B10: MCaceres | C10: BAJA | D10: BAJA | E10: T.T | F10: VACA LAUTARO DANTE | G10: IOSFA | H10: 20 55523986 7 | I10: 38790511 | J10: REHAB. SIMPLE + CAI
A11: PLANES 2026.xlsx | B11: JHidalgo | C11: ACTIVO | D11: 46387 | E11: T.T | F11: FLINT CONSTANTINO | G11: IOSFA | H11: 20 53263976 0 | I11: 102085/02 | J11: REHAB. SIMPLE + CAI
A12: PLANES 2026.xlsx | B12: JHidalgo | C12: BAJA | E12: T.T | F12: BUSTAMANTE MATEO JOEL | G12: IOSFA | H12: 20 55605475 5 | I12: 32123010 | J12: REHAB.INTENSIVO + CAI
A13: PLANES 2026.xlsx | B13: JHidalgo | C13: ACTIVO | D13: 46356 | E13: T.T | F13: PATAGUA THEO VALENTIN | G13: IOSFA | H13: 20 53627821 5 | I13: 387656/4 | J13: REHAB. SIMPLE + CAI
A14: PLANES 2026.xlsx | B14: JHidalgo | C14: ACTIVO | D14: 46387 | E14: T.M | F14: MARTINEZ MARTA OLINDA | G14: IOSFA | H14: 27 13841061 2 | I14: 124418/01 | J14: REHAB.SIMPLE
A15: PLANES 2026.xlsx | B15: JHidalgo | C15: ACTIVO | D15: 46387 | E15: T.T | F15: MONTENEGRO DEVRAN SAMUEL | G15: IOSFA | H15: 20 55288753 1 | I15: 55288753 | J15: REHAB. SIMPLE + CAI
A16: PLANES 2026.xlsx | B16: JHidalgo | C16: ACTIVO | D16: 46356 | E16: T.T | F16: HOYOS LEIVA IGNACIO | G16: IOSFA | H16: 20 57360441 6 | I16: 57360441 | J16: REHAB. SIMPLE + CAI
A17: PLANES 2026.xlsx | B17: JHidalgo | C17: ACTIVO | D17: 46387 | E17: T.T | F17: PONCE BARGAS MIA AGOSTINA | G17: IOSFA | H17: 27 52158638 4 | I17: 207122/2 | J17: REHAB. SIMPLE + CAI
A18: PLANES 2026.xlsx | B18: JHidalgo | C18: ACTIVO | D18: 46387 | E18: T.T | F18: PONCE BARGAS TOMAS | G18: IOSFA | H18: 20 54474550 7 | I18: 20712203 | J18: SESION + CAI
A19: PLANES 2026.xlsx | B19: JHidalgo | C19: ACTIVO | D19: 46387 | E19: T.M | F19: CUELLO DANIEL NICOLAS | G19: IOSFA | H19: 20 10873745 0 | I19: 11109400 | J19: REHAB.SIMPLE
A20: PLANES 2026.xlsx | B20: JHidalgo | C20: ACTIVO | D20: 46356 | E20: T.T | F20: CATRAMBONI FABRIZZIO FRANCESCO | G20: IOSFA | H20: 20 56242157 3 | I20: 204884/02 | J20: REHAB. SIMPLE + CAI
A21: PLANES 2026.xlsx | B21: JHidalgo | C21: ACTIVO | D21: 46387 | E21: T.T | F21: DALLIA ASHLY KAORI | G21: IOSFA | H21: 27 56035740 6 | I21: 321585/13 | J21: REHAB. SIMPLE + CAI
A22: PLANES 2026.xlsx | B22: JHidalgo | C22: ACTIVO | D22: 46317 | E22: T.T | F22: RODRIGUEZ LEON PATRICIO | G22: IOSFA | H22: 20 54016666 9 | I22: 321878/13 | J22: REHAB. SIMPLE + CAI
A23: PLANES 2026.xlsx | B23: MCaceres | C23: BAJA | D23: BAJA | E23: T.T | F23: VILLARREAL BENJAMIN IGNACIO | G23: IOSFA | H23: 23 58162597 9 | I23: 3148685 | J23: REHAB.INTENSIVO + CAI
A24: PLANES 2026.xlsx | B24: MCaceres | C24: BAJA | D24: BAJA | E24: T.T | F24: VARGAS PAZ MIA ISABELLA | G24: IOSFA | H24: 27 57192465 5 | I24: 57192465 | J24: REHAB. SIMPLE + CAI
A25: PLANES 2026.xlsx | B25: JHidalgo | C25: ACTIVO | D25: 46203 | E25: T.M | F25: VILCHEZ JORGE FABIAN | G25: OSUTHGRA | H25: 20 29607441 2 | I25: 27056084342 / 01 | J25: REHAB.SIMPLE
A26: PLANES 2026.xlsx | B26: JHidalgo | C26: ACTIVO | D26: 46387 | E26: T.M | F26: CARABAJAL PINEDA THIAGO EZEQUIEL | G26: OSUTHGRA | H26: 20 50326180 5 | I26: 20229450175/04 | J26: REHAB. SIMPLE + CAI
A27: PLANES 2026.xlsx | B27: JHidalgo | C27: ACTIVO | D27: 46387 | E27: T.M | F27: HEREDIA BAUTISTA SAMUEL | G27: OSUTHGRA | H27: 20 56065972 6 | I27: 20426424488 3 | J27: REHAB.INTENSIVO + CAI
A28: PLANES 2026.xlsx | B28: JHidalgo | C28: ACTIVO | D28: 46387 | E28: T.T | F28: ZAPATA LAUTARO JESUS | G28: OSUTHGRA | H28: 20 46034103 6 | I28: 20261797500 / 02 | J28: REHAB.SIMPLE
A29: PLANES 2026.xlsx | B29: JHidalgo | C29: ACTIVO | D29: 46387 | E29: T.M | F29: ESQUIVEL ALVARO SAMUEL | G29: OSUTHGRA | H29: 20 59043837 6 | I29: 20353252233 /02 | J29: REHAB.INTENSIVO + CAI
A30: PLANES 2026.xlsx | B30: JHidalgo | C30: BAJA | D30: BAJA | E30: T.M | F30: PINTO LOURDES VICTORIA | G30: OSUTHGRA | H30: 27 5729063 4 | I30: 20405185793/ 01 | J30: REHAB.INTENSIVO + CAI
A31: PLANES 2026.xlsx | B31: JHidalgo | C31: BAJA | D31: BAJA | E31: T.T | F31: IRUSTA MENA DANIEL EMILIANO | G31: OSUTHGRA | H31: 20 50937171 8 | I31: 27332011095 /01 | J31: REHAB.SIMPLE
A32: PLANES 2026.xlsx | B32: JHidalgo | C32: BAJA | D32: BAJA | E32: T.T | F32: IRUSTA MENA IVAN LISANDRO | G32: OSUTHGRA | H32: 20 52235175 0 | I32: 27332011095 /02 | J32: REHAB.SIMPLE
A33: PLANES 2026.xlsx | B33: JHidalgo | C33: ACTIVO | D33: 46387 | E33: T.T | F33: LIMACHI DARIO ALEXIS | G33: OSUTHGRA | H33: 20 45595176 4 | I33: 23185586294 /01 | J33: REHAB.SIMPLE
A34: PLANES 2026.xlsx | B34: JHidalgo | C34: ACTIVO | D34: 46387 | E34: T.T | F34: OLIVARES LUNA APRIL BELEN | G34: OSUTHGRA | H34: 27 95240834 3 | I34: 20952408330 /03 | J34: REHAB. SIMPLE + CAI
A35: PLANES 2026.xlsx | B35: JHidalgo | C35: ACTIVO | D35: 46387 | E35: T.T | F35: OLIVARES LUNA JOSUE DANYEL | G35: OSUTHGRA | H35: 20 56538779 1 | I35: 20952408330 /05 | J35: REHAB.INTENSIVO + CAI
A36: PLANES 2026.xlsx | B36: JHidalgo | C36: ACTIVO | D36: 46387 | E36: T.T | F36: LOZA JUAN IGNACIO | G36: OSUTHGRA | H36: 20 49404543 6 | I36: 27333209255 /02 | J36: REHAB.SIMPLE
A37: PLANES 2026.xlsx | B37: JHidalgo | C37: ACTIVO | D37: 46387 | E37: T.M | F37: LOZA TICIANO BENJAMIN | G37: OSUTHGRA | H37: 20 50000750 9 | I37: 27333209255 /03 | J37: REHAB. SIMPLE + CAI
A38: PLANES 2026.xlsx | B38: JHidalgo | C38: ACTIVO | D38: 46387 | E38: T.T | F38: FUNES ANGELA LUCIA | G38: OSUTHGRA | H38: 27 50080999 5 | I38: 27291103214 /03 | J38: REHAB. SIMPLE + CAI
A39: PLANES 2026.xlsx | B39: JHidalgo | C39: ACTIVO | D39: 46387 | E39: T.T | F39: TELLO FRANCISCO MANUEL | G39: OSUTHGRA | H39: 20 55287655 6 | I39: 20219023058 /04 | J39: REHAB.INTENSIVO + CAI
A40: PLANES 2026.xlsx | B40: JHidalgo | C40: Pendiente | E40: T.T | F40: LLANES BUSTOS BRISA MILAGROS DESIREE | G40: OSUTHGRA | H40: 27 49287777 3 | I40: 27352124392 /02 | J40: REHAB. SIMPLE + CAI
A41: PLANES 2026.xlsx | B41: JHidalgo | C41: ACTIVO | D41: 46387 | E41: T.T | F41: MONTOYA ROCIO MILENA | G41: OSUTHGRA | H41: 27 55460355 1 | I41: 23263130014 /06 | J41: REHAB.INTENSIVO + CAI
A42: PLANES 2026.xlsx | B42: JHidalgo | C42: BAJA | D42: 46081 | E42: T.T | F42: TOBARES WALDO EMILIO | G42: OSUTHGRA | H42: 20 27212436 2 | I42: 20272124362 /00 | J42: REHAB.INTENSIVO
A43: PLANES 2026.xlsx | B43: JHidalgo | C43: ACTIVO | D43: 46387 | E43: T.T | F43: AGUIRRE FRANCISCO SIMON | G43: OSUTHGRA | H43: 20 50594826 3 | I43: 20-27628930-7/03 | J43: REHAB.INTENSIVO
A44: PLANES 2026.xlsx | B44: MCaceres | C44: BAJA | D44: BAJA | E44: T.M | F44: ACOSTA CELESTE SOLEDAD | G44: OSUTHGRA | H44: 27 38183145 6 | I44: 20-14183549-2/03 | J44: REHAB.INTENSIVO
A45: PLANES 2026.xlsx | B45: MCaceres | C45: ACTIVO | D45: 46387 | E45: T.M | F45: MOLFA COMUN KALED JOSUE | G45: OSUTHGRA | H45: 20 49863624 2 | I45: 20236478301 / 02 | J45: REHAB.INTENSIVO
A46: PLANES 2026.xlsx | B46: MCaceres | C46: ACTIVO | D46: 46387 | E46: T.M | F46: RODRIGUEZ LEWEL | G46: OSUTHGRA | H46: 20 38407351 5 | I46: 20167406662 /01 | J46: REHAB.INTENSIVO
A47: PLANES 2026.xlsx | B47: MCaceres | C47: ACTIVO | D47: 46265 | E47: T.M | F47: VENTURA GUZMAN SOFIA CELESTE | G47: OSUTHGRA | H47: 27 48068792 8 | I47: 27948418768 /02 | J47: REHAB. SIMPLE + CAI
A48: PLANES 2026.xlsx | B48: MCaceres | C48: ACTIVO | D48: 46387 | E48: T.M | F48: HEREDIA MAMANI THIAGO EMANUEL | G48: OSUTHGRA | H48: 20 50937626 4 | I48: 20426424488 / 02 | J48: REHAB.INTENSIVO
A49: PLANES 2026.xlsx | B49: MCaceres | C49: BAJA | D49: BAJA | E49: T.M | F49: BRUNO MARCOS GABRIEL | G49: OSUTHGRA | H49: 20 46125634 2 | I49: 23232879149 / 03 | J49: REHAB.SIMPLE
A50: PLANES 2026.xlsx | B50: MCaceres | C50: ACTIVO | D50: 46142 | E50: T.M | F50: MONTIVERO LUDUEÑA TOBIAS ALEXADER | G50: OSUTHGRA | H50: 20 53226535 6 | I50: 24338091512 /2 | J50: REHAB. SIMPLE + CAI
A51: PLANES 2026.xlsx | B51: MCaceres | C51: ACTIVO | D51: 46387 | E51: T.T | F51: BARRIONUEVO ZAIRA MAYLEN | G51: OSUTHGRA | H51: 27 49501662 0 | I51: 20281166957 / 03 | J51: REHAB. SIMPLE + CAI
A52: PLANES 2026.xlsx | B52: MCaceres | C52: ACTIVO | D52: 46387 | E52: T.T | F52: LASTRA BIANCA GUADALUPE | G52: OSUTHGRA | H52: 27 50835463 6 | I52: 27244636565 /02 | J52: REHAB.SIMPLE
A53: PLANES 2026.xlsx | B53: MCaceres | C53: ACTIVO | D53: 46387 | E53: T.T | F53: CARRIZO NOAH LIHUEN | G53: OSUTHGRA | H53: 20 57527155 4 | I53: 20290291586 /03 | J53: REHAB.INTENSIVO + CAI
A54: PLANES 2026.xlsx | B54: MCaceres | C54: ACTIVO | D54: 46142 | E54: T.T | F54: MATASSI TULIO ALEJANDRO | G54: OSUTHGRA | H54: 20 54476419 6 | I54: 20378206988 /02 | J54: REHAB.INTENSIVO + CAI
A55: PLANES 2026.xlsx | B55: MCaceres | C55: ACTIVO | D55: 46387 | E55: T.T | F55: MATASSI BENICIO JOAQUIN | G55: OSUTHGRA | H55: 20 58651742 3 | I55: 20378206988 /03 | J55: REHAB.INTENSIVO + CAI
A56: PLANES 2026.xlsx | B56: MCaceres | C56: ACTIVO | D56: 46142 | E56: T.M | F56: MONTIVERO LUDUEÑA CARLOS MAXIMILIANO | G56: OSUTHGRA | H56: 23 50419558 9 | I56: 24338091512 / 1 | J56: REHAB.SIMPLE
A57: PLANES 2026.xlsx | B57: MCaceres | C57: ACTIVO | D57: 46173 | E57: T.T | F57: TORRELLA FRANCISCO VALENTIN | G57: OSUTHGRA | H57: 20 53261772 4 | I57: 27296061056/ 06 | J57: REHAB.INTENSIVO
A58: PLANES 2026.xlsx | B58: MCaceres | C58: ACTIVO | D58: 46387 | E58: T.T | F58: REYNOSO MANUEL ELIAS | G58: OSUTHGRA | H58: 23 48535843 9 | I58: 20282700744 / 02 | J58: REHAB.INTENSIVO
A59: PLANES 2026.xlsx | B59: MCaceres | C59: ACTIVO | D59: 46387 | E59: T.T | F59: PERALTA YENIFFER ESTRELLA | G59: OSUTHGRA | H59: 27 50994952 8 | I59: 27181752063 / 4 | J59: REHAB.INTENSIVO
A60: PLANES 2026.xlsx | B60: MCaceres | C60: ACTIVO | D60: 46387 | E60: T.T | F60: DIAZ SILVA THIAN ALEXANDER | G60: OSUTHGRA | H60: 20 50854018 4 | I60: 27355280824 /02 | J60: REHAB.INTENSIVO + CAI
A61: PLANES 2026.xlsx | B61: MCaceres | C61: ACTIVO | D61: 46387 | E61: T.T | F61: CORVALAN TOBIAS ALEJANDRO | G61: OSUTHGRA | H61: 20 55011123 4 | I61: 20299685498 /03 | J61: REHAB. SIMPLE + CAI
... A64: PLANES 2026.xlsx | B64: MCaceres | C64: ACTIVO | D64: 46387 | E64: T.M | F64: PICHILINGUE ROMERO JUAN MARTIN | G64: OSPICAL | H64: 20 54306562 6 | I64: 922218/02 | J64: REHAB.INTENSIVO + CAI
A65: PLANES 2026.xlsx | B65: MCaceres | C65: ACTIVO | D65: 46387 | E65: T.T | F65: MURUA JOAQUIN YUTIEL | G65: OSPIC | H65: 20 52230235 0 | I65: 52230235 | J65: REHAB.INTENSIVO
A66: PLANES 2026.xlsx | B66: MCaceres | C66: BAJA | D66: 46203 | E66: T.M | F66: CABILLON PEDROZO SELENIA AIMÉ | G66: OSCCPTAC (CAMIONEROS) | H66: 27 54777860 5 | I66: 19825/05 | J66: REHAB.INTENSIVO
A67: PLANES 2026.xlsx | B67: MCaceres | C67: ACTIVO | D67: 46387 | E67: T.M | F67: LOPEZ MIRANDA THIAGO | G67: OSCEP (SIPSSA) | H67: 20 58678870 2 | I67: 041-32623222-02 | J67: REHAB.INTENSIVO + CAI
A68: PLANES 2026.xlsx | B68: MCaceres | C68: ACTIVO | D68: 46387 | E68: T.M | F68: CARNERO ESMERALDA | G68: OSCEP (SIPSSA) | H68: 27 58587689 0 | I68: 031-41889007-01 | J68: REHAB.INTENSIVO + CAI
A69: PLANES 2026.xlsx | B69: MCaceres | C69: ACTIVO | D69: 46387 | E69: T.T | F69: MOYA BRUNO CALIXTO | G69: OSCEP (SIPSSA) | H69: 20 56764235 7 | I69: 3227656849 / 03 | J69: REHAB.INTENSIVO + CAI
A70: PLANES 2026.xlsx | B70: MCaceres | C70: ACTIVO | D70: 46387 | E70: T.T | F70: GUANANJA AGUIRRE EIDAN MAXIMO | G70: OSCEP (SIPSSA) | H70: 20 56060440 9 | I70: 032-39622948-02 | J70: REHAB.INTENSIVO + CAI
A71: PLANES 2026.xlsx | B71: MCaceres | C71: ACTIVO | D71: 46387 | E71: T.T | F71: CHACOMA YAZIE ALEJO | G71: OSSACRA | H71: 20 48533126 4 | I71: 340339602400510 1 | J71: REHAB. SIMPLE + CAI
A72: PLANES 2026.xlsx | B72: MCaceres | C72: ACTIVO | D72: 46387 | E72: T.T | F72: COLMENARES RODRIGUEZ MARTIN RICARDO | G72: OSSACRA | H72: 23 53262044 9 | I72: 150352101300510 3 | J72: REHAB. SIMPLE + CAI
A73: PLANES 2026.xlsx | B73: JHidalgo | C73: ACTIVO | D73: 46387 | E73: T.T | F73: GOMEZ GARCIA VICTORIA ABRIL | G73: OSSACRA | H73: 27 49555740 0 | I73: 104604601300080 2 | J73: REHAB. SIMPLE + CAI
A74: PLANES 2026.xlsx | B74: JHidalgo | C74: ACTIVO | D74: 46387 | E74: T.T | F74: CUELLO BARRERA TIAGO JESUS | G74: OSSACRA | H74: 20 47663005 4 | I74: 340334002400080 0 | J74: REHAB. SIMPLE + CAI
A75: PLANES 2026.xlsx | B75: JHidalgo | C75: ACTIVO | D75: 46387 | E75: T.T | F75: MEDINA ALMA JAZMIN | G75: OSPECON | H75: 27 56761376 9 | I75: 56761376 | J75: REHAB.INTENSIVO + CAI
A76: PLANES 2026.xlsx | B76: JHidalgo | C76: ACTIVO | D76: 46235 | E76: T.M | F76: HEREDIA OLIVERA VALENTINO | G76: OSPECON | H76: 20 57069398 1 | I76: 57069398 | J76: REHAB.INTENSIVO
A77: PLANES 2026.xlsx | B77: JHidalgo | C77: ACTIVO | D77: 46387 | E77: T.T | F77: CAROLI VILLARREAL AXEL BENJAMIN | G77: OSSOELSAC | H77: 20 47475219 5 | I77: 47475219 | J77: REHAB.INTENSIVO + CAI
A78: PLANES 2026.xlsx | B78: JHidalgo | C78: ACTIVO | D78: 46387 | E78: T.T | F78: PONCE MAXIMILIANO VALENTIN | G78: OSSOELSAC | H78: 20 55522788 5 | I78: 55522788 | J78: REHAB.INTENSIVO + CAI
A79: PLANES 2026.xlsx | B79: JHidalgo | C79: ACTIVO | D79: 46387 | E79: T.T | F79: CAMPOS LUNA ESTEFANIA | G79: OSSOELSAC | H79: 27 50938211 0 | I79: 50938211 | J79: REHAB.INTENSIVO + CAI
A80: PLANES 2026.xlsx | B80: JHidalgo | C80: ACTIVO | D80: 46387 | E80: T.T | F80: CAMPOS AMBAR AILIN | G80: OSSOELSAC | H80: 27 56761456 0 | I80: 56761456 | J80: REHAB.INTENSIVO + CAI
A81: PLANES 2026.xlsx | B81: JHidalgo | C81: ACTIVO | D81: 46387 | E81: T.M | F81: GIACOM BLADIMIR ADAN RAMON | G81: OSSOELSAC | H81: 20 49953438 9 | I81: 49953438 | J81: REHAB. SIMPLE + CAI
A82: PLANES 2026.xlsx | B82: JHidalgo | C82: ACTIVO | D82: 46387 | E82: T.M | F82: PAFFUME TAPIA IGNACIO | G82: OSSOELSAC | H82: 20 55287145 7 | I82: 55287145 | J82: REHAB. SIMPLE + CAI
A83: PLANES 2026.xlsx | B83: JHidalgo | C83: ACTIVO | D83: 46387 | E83: T.M | F83: MONTENEGRO JESUS BAUTISTA | G83: OSSOELSAC | H83: 20 54758836 4 | I83: 54758836 | J83: REHAB.INTENSIVO + CAI
A84: PLANES 2026.xlsx | B84: JHidalgo | C84: ACTIVO | D84: 46387 | E84: T.T | F84: LEITON LUCAS NICOLAS | G84: OSSOELSAC | H84: 20 51277006 2 | I84: 51277006 | J84: REHAB. SIMPLE + CAI
A85: PLANES 2026.xlsx | B85: JHidalgo | C85: ACTIVO | D85: 46387 | E85: T.T | F85: PERALTA ISAAC | G85: OSSOELSAC | H85: 20 59043324 2 | I85: 59043324 | J85: REHAB.INTENSIVO + CAI
A86: PLANES 2026.xlsx | B86: JHidalgo | C86: ACTIVO | D86: 46387 | E86: T.T | F86: FERNANDEZ PEREZ FACUNDO JAVIER | G86: OSPRERA | H86: 20 53845907 1 | I86: 5119302 | J86: REHAB.INTENSIVO
A87: PLANES 2026.xlsx | B87: JHidalgo | C87: BAJA | E87: T.M | F87: MARCEL OSCAR LUIS | G87: OSPRERA | H87: 20 11188567 3 | I87: 927145986198/2 | J87: REHAB.INTENSIVO
A88: PLANES 2026.xlsx | B88: JHidalgo | C88: ACTIVO | D88: 46265 | E88: T.M | F88: OLIVA MARTINEZ ALEX JOEL | G88: OSECAC | H88: 20 49286922 9 | I88: 49286922 | J88: REHAB. SIMPLE + CAI
A89: PLANES 2026.xlsx | B89: JHidalgo | C89: ACTIVO | D89: 46387 | E89: T.M | F89: COLAZO SANCHEZ SEBASTIAN ANDRES | G89: OSECAC | H89: 20 52232022 7 | I89: 52232022 | J89: REHAB.INTENSIVO
A90: PLANES 2026.xlsx | B90: JHidalgo | C90: ACTIVO | D90: 46387 | E90: T.T | F90: RAMIREZ CORTEZ EZEQUIEL TOMAS | G90: OSTPCPHYARA (PASTELEROS) | H90: 20 46884311 1 | I90: 10004505 | J90: REHAB.INTENSIVO
A91: PLANES 2026.xlsx | B91: JHidalgo | C91: ACTIVO | D91: 46387 | E91: T.M | F91: ORELLANO ZOTAR WALTER ALEC | G91: OSTPCPHYARA (PASTELEROS) | H91: 23 46973958 9 | I91: 69013/02 | J91: REHAB. SIMPLE + CAI
A92: PLANES 2026.xlsx | B92: JHidalgo | C92: BAJA | E92: T.M | F92: GONZALEZ VERA MATEO | G92: OSPOCE (SWISS MEDICAL) | H92: 20 57154079 8 | I92: 800006068365903102-7 | J92: REHAB.INTENSIVO
A93: PLANES 2026.xlsx | B93: JHidalgo | C93: ACTIVO | D93: 46387 | E93: T.M | F93: DIAZ ROMAN VALENTIN | G93: OSME (UNIMED) | H93: 20 56246341 1 | I93: 101562463410-1 | J93: REHAB.INTENSIVO
A94: PLANES 2026.xlsx | B94: MCaceres | C94: BAJA | D94: BAJA | E94: T.T | F94: VELEZ RAMIRO YAMIL | G94: OSADEF | H94: 20 50092307 6 | I94: 27-28270490-6/02 | J94: REHAB. SIMPLE + CAI
A95: PLANES 2026.xlsx | B95: MCaceres | C95: ACTIVO | D95: 46387 | E95: T.M | F95: PAEZ FORMOSO LEON BENJAMIN | G95: OSPE | H95: 23 57744491 9 | I95: 27-28273125-3/03 | J95: REHAB.INTENSIVO + CAI
A96: PLANES 2026.xlsx | B96: MCaceres | C96: ACTIVO | D96: 46387 | E96: T.M | F96: GOROCITO FIORE MARTINO | G96: OSPE | H96: 20 52228357 7 | I96: 27-32035010-2/01 | J96: REHAB. SIMPLE + CAI
A97: PLANES 2026.xlsx | B97: MCaceres | C97: BAJA | D97: 46112 | E97: T.M | F97: ESPAÑA VICTORIA RENATA | G97: OSPE | H97: 27 57150283 1 | I97: 20-40963717-6/01 | J97: REHAB.SIMPLE
A98: PLANES 2026.xlsx | B98: MCaceres | C98: ACTIVO | D98: 46387 | E98: T.T | F98: FRONTERA TOBIAS EZEQUIEL | G98: OSPE | H98: 23 53076004 9 | I98: 27-32239913-3/01 | J98: REHAB.INTENSIVO
A99: PLANES 2026.xlsx | B99: MCaceres | C99: ACTIVO | D99: 46387 | E99: T.T | F99: JAZBEC JEREMIAS | G99: OSPE | H99: 20 54305212 5 | I99: 20 178447220 04 | J99: REHAB. SIMPLE + CAI
A100: PLANES 2026.xlsx | B100: MCaceres | C100: ACTIVO | D100: 46203 | E100: T.T | F100: MURUA BALTHAZAR | G100: OSPE | H100: 20 57529882 7 | I100: 27-35576184-9/01 | J100: REHAB.INTENSIVO + CAI
A101: PLANES 2026.xlsx | B101: MCaceres | C101: ACTIVO | D101: 46326 | E101: T.T | F101: MARTINEZ LORENZO | G101: OSPE | H101: 20 50628686 8 | I101: 27-248411495-01 | J101: REHAB. SIMPLE + CAI
A102: PLANES 2026.xlsx | B102: MCaceres | C102: ACTIVO | D102: 46387 | E102: T.M | F102: CARISSIMO CACERES JUAN AGUSTIN | G102: OSPE | H102: 20 53734429 7 | I102: 20-29254070-2/03 | J102: REHAB.INTENSIVO + CAI
...

Sheet BASE DE CARGA
A1: PACIENTE | B1: CUIL | C1: OBRA SOCIAL | D1: MODULO | E1: TURNO | F1: PRESTACION (Inserte 1 Fila x Prestacion x Paciente) | G1: sesiones semanales | H1: profesional | I1: dia | J1: hora | K1: Consultorio | L1: dia copia | M1: hora copia | N1: ACCION | O1: FECHA ACCION | P1: MOTIVO | Q1: MOTIVO2 | R1: MOTIVO3 | S1: MOTIVO4 | T1: MOTIVO5 | U1: DNI
A2: MOYANO SANTINO LEONEL | B2: =+_xlfn.XLOOKUP(carga[[#This Row],[PACIENTE]],BASE_PACIENTES_2026[PACIENTE],BASE_PACIENTES_2026[CUIL],0,0) -> 20 52156526 9 | C2: =+_xlfn.XLOOKUP(carga[[#This Row],[PACIENTE]],BASE_PACIENTES_2026[PACIENTE],BASE_PACIENTES_2026[O. SOCIAL],0,0) -> OSPEJ | D2: =+_xlfn.XLOOKUP(carga[[#This Row],[PACIENTE]],BASE_PACIENTES_2026[PACIENTE],BASE_PACIENTES_2026[MÓDULO],0,0) -> REHAB.INTENSIVO + CAI | E2: T.T | F2: Psico Fliar | G2: 1 | H2: DOMINGUEZ Mercedes Lorena | I2: Martes | J2: 0.61458333 | K2: R.16 | L2: =+carga[[#This Row],[dia]] -> Martes | M2: =+carga[[#This Row],[hora]] -> 0.61458333 | P2: empezo el 18/6 | U2: =+MID(carga[[#This Row],[CUIL]],4,8) -> 52156526
A3: ALANIS GINA | B3: =+_xlfn.XLOOKUP(carga[[#This Row],[PACIENTE]],BASE_PACIENTES_2026[PACIENTE],BASE_PACIENTES_2026[CUIL],0,0) -> 27 56063004 8 | C3: =+_xlfn.XLOOKUP(carga[[#This Row],[PACIENTE]],BASE_PACIENTES_2026[PACIENTE],BASE_PACIENTES_2026[O. SOCIAL],0,0) -> OSTACC | D3: =+_xlfn.XLOOKUP(carga[[#This Row],[PACIENTE]],BASE_PACIENTES_2026[PACIENTE],BASE_PACIENTES_2026[MÓDULO],0,0) -> REHAB.INTENSIVO + CAI | E3: T.T | F3: Fono | G3: 1 | H3: CASTRO Lucia Macarena | I3: Lunes | J3: 0.64583333 | K3: R.3 | L3: =+carga[[#This Row],[dia]] -> Lunes | M3: =+carga[[#This Row],[hora]] -> 0.64583333 | U3: =+MID(carga[[#This Row],[CUIL]],4,8) -> 56063004
A4: FIGUEROA IVAN PEDRO | B4: =+_xlfn.XLOOKUP(carga[[#This Row],[PACIENTE]],BASE_PACIENTES_2026[PACIENTE],BASE_PACIENTES_2026[CUIL],0,0) -> 20 56061366 1 | C4: =+_xlfn.XLOOKUP(carga[[#This Row],[PACIENTE]],BASE_PACIENTES_2026[PACIENTE],BASE_PACIENTES_2026[O. SOCIAL],0,0) -> OSPECOR | D4: =+_xlfn.XLOOKUP(carga[[#This Row],[PACIENTE]],BASE_PACIENTES_2026[PACIENTE],BASE_PACIENTES_2026[MÓDULO],0,0) -> REHAB.INTENSIVO | E4: T.T | F4: Fono | G4: 1 | H4: GIMENEZ Agustina | I4: Lunes | J4: 0.72916667 | K4: R.6 | L4: =+carga[[#This Row],[dia]] -> Lunes | M4: =+carga[[#This Row],[hora]] -> 0.72916667 | U4: =+MID(carga[[#This Row],[CUIL]],4,8) -> 56061366
A5: PERALTA ISAAC | B5: =+_xlfn.XLOOKUP(carga[[#This Row],[PACIENTE]],BASE_PACIENTES_2026[PACIENTE],BASE_PACIENTES_2026[CUIL],0,0) -> 20 59043324 2 | C5: =+_xlfn.XLOOKUP(carga[[#This Row],[PACIENTE]],BASE_PACIENTES_2026[PACIENTE],BASE_PACIENTES_2026[O. SOCIAL],0,0) -> OSSOELSAC | D5: =+_xlfn.XLOOKUP(carga[[#This Row],[PACIENTE]],BASE_PACIENTES_2026[PACIENTE],BASE_PACIENTES_2026[MÓDULO],0,0) -> REHAB.INTENSIVO + CAI | E5: T.T | F5: Fono | G5: 1 | H5: BARRIA VAZQUEZ Luciana ALicia | I5: Lunes | J5: 0.76041667 | K5: R.11 | L5: =+carga[[#This Row],[dia]] -> Lunes | M5: =+carga[[#This Row],[hora]] -> 0.76041667 | U5: =+MID(carga[[#This Row],[CUIL]],4,8) -> 59043324
A6: CORNEJO SAMIENTA FACUNDO NICOLAS | B6: =+_xlfn.XLOOKUP(carga[[#This Row],[PACIENTE]],BASE_PACIENTES_2026[PACIENTE],BASE_PACIENTES_2026[CUIL],0,0) -> 23 58385030 9 | C6: =+_xlfn.XLOOKUP(carga[[#This Row],[PACIENTE]],BASE_PACIENTES_2026[PACIENTE],BASE_PACIENTES_2026[O. SOCIAL],0,0) -> OSTACC | D6: =+_xlfn.XLOOKUP(carga[[#This Row],[PACIENTE]],BASE_PACIENTES_2026[PACIENTE],BASE_PACIENTES_2026[MÓDULO],0,0) -> REHAB.INTENSIVO + CAI | E6: T.T | F6: Fono | G6: 1 | H6: GOMEZ Agustina Daniela | I6: Lunes | J6: 0.79166667 | K6: R.1 | L6: =+carga[[#This Row],[dia]] -> Lunes | M6: =+carga[[#This Row],[hora]] -> 0.79166667 | U6: =+MID(carga[[#This Row],[CUIL]],4,8) -> 58385030
A7: GOMEZ SANTIAGO BENJAMIN | B7: =+_xlfn.XLOOKUP(carga[[#This Row],[PACIENTE]],BASE_PACIENTES_2026[PACIENTE],BASE_PACIENTES_2026[CUIL],0,0) -> 20 47475612 3 | C7: =+_xlfn.XLOOKUP(carga[[#This Row],[PACIENTE]],BASE_PACIENTES_2026[PACIENTE],BASE_PACIENTES_2026[O. SOCIAL],0,0) -> OSUTHGRA | D7: =+_xlfn.XLOOKUP(carga[[#This Row],[PACIENTE]],BASE_PACIENTES_2026[PACIENTE],BASE_PACIENTES_2026[MÓDULO],0,0) -> REHAB. SIMPLE + CAI | E7: T.M | F7: Psico | G7: 1 | H7: OLOCCO Maria Gabriela | I7: Viernes | J7: 0.44791667 | K7: R.12 | L7: =+carga[[#This Row],[dia]] -> Viernes | M7: =+carga[[#This Row],[hora]] -> 0.44791667 | N7: PENDIENTE | U7: =+MID(carga[[#This Row],[CUIL]],4,8) -> 47475612
A8: DESIMONE LUZ JAZMIN | B8: =+_xlfn.XLOOKUP(carga[[#This Row],[PACIENTE]],BASE_PACIENTES_2026[PACIENTE],BASE_PACIENTES_2026[CUIL],0,0) -> 27 54471368 5 | C8: =+_xlfn.XLOOKUP(carga[[#This Row],[PACIENTE]],BASE_PACIENTES_2026[PACIENTE],BASE_PACIENTES_2026[O. SOCIAL],0,0) -> OSMTT(SERVIRED) | D8: =+_xlfn.XLOOKUP(carga[[#This Row],[PACIENTE]],BASE_PACIENTES_2026[PACIENTE],BASE_PACIENTES_2026[MÓDULO],0,0) -> REHAB. SIMPLE + CAI | E8: T.T | F8: Psico | G8: 1 | H8: OLIVA Lucas Julian | I8: Lunes | J8: 0.67708333 | K8: R.5 | U8: =+MID(carga[[#This Row],[CUIL]],4,8) -> 54471368
A9: FURTADO JUAN JOSE | B9: =+_xlfn.XLOOKUP(carga[[#This Row],[PACIENTE]],BASE_PACIENTES_2026[PACIENTE],BASE_PACIENTES_2026[CUIL],0,0) -> 20 51034844 4 | C9: =+_xlfn.XLOOKUP(carga[[#This Row],[PACIENTE]],BASE_PACIENTES_2026[PACIENTE],BASE_PACIENTES_2026[O. SOCIAL],0,0) -> OSBLYCA (SERVIRED) | D9: =+_xlfn.XLOOKUP(carga[[#This Row],[PACIENTE]],BASE_PACIENTES_2026[PACIENTE],BASE_PACIENTES_2026[MÓDULO],0,0) -> REHAB.INTENSIVO | E9: T.T | F9: Fono | G9: 1 | H9: ARMOA Andrea Celeste | I9: Martes | J9: 0.64583333 | K9: R.11 | L9: =+carga[[#This Row],[dia]] -> Martes | M9: =+carga[[#This Row],[hora]] -> 0.64583333 | U9: =+MID(carga[[#This Row],[CUIL]],4,8) -> 51034844
A10: MOYA BRUNO CALIXTO | B10: =+_xlfn.XLOOKUP(carga[[#This Row],[PACIENTE]],BASE_PACIENTES_2026[PACIENTE],BASE_PACIENTES_2026[CUIL],0,0) -> 20 56764235 7 | C10: =+_xlfn.XLOOKUP(carga[[#This Row],[PACIENTE]],BASE_PACIENTES_2026[PACIENTE],BASE_PACIENTES_2026[O. SOCIAL],0,0) -> OSCEP (SIPSSA) | D10: =+_xlfn.XLOOKUP(carga[[#This Row],[PACIENTE]],BASE_PACIENTES_2026[PACIENTE],BASE_PACIENTES_2026[MÓDULO],0,0) -> REHAB.INTENSIVO + CAI | E10: T.T | F10: Fono | G10: 1 | H10: GIRAUDO MILAGROS VIRGINIA | I10: Martes | J10: 0.67708333 | K10: R.6 | L10: =+carga[[#This Row],[dia]] -> Martes | M10: =+carga[[#This Row],[hora]] -> 0.67708333 | U10: =+MID(carga[[#This Row],[CUIL]],4,8) -> 56764235
A11: VIVANCO CABRERA MATEO JOAQUIN | B11: =+_xlfn.XLOOKUP(carga[[#This Row],[PACIENTE]],BASE_PACIENTES_2026[PACIENTE],BASE_PACIENTES_2026[CUIL],0,0) -> 23 53508798 9 | C11: =+_xlfn.XLOOKUP(carga[[#This Row],[PACIENTE]],BASE_PACIENTES_2026[PACIENTE],BASE_PACIENTES_2026[O. SOCIAL],0,0) -> OSPATRONES | D11: =+_xlfn.XLOOKUP(carga[[#This Row],[PACIENTE]],BASE_PACIENTES_2026[PACIENTE],BASE_PACIENTES_2026[MÓDULO],0,0) -> REHAB.INTENSIVO + CAI | E11: T.T | F11: Fono | G11: 1 | H11: ARMOA Andrea Celeste | I11: Martes | J11: 0.61458333 | K11: R.11 | U11: =+MID(carga[[#This Row],[CUIL]],4,8) -> 53508798
A12: SUAREZ CELESTE ABRIL | B12: =+_xlfn.XLOOKUP(carga[[#This Row],[PACIENTE]],BASE_PACIENTES_2026[PACIENTE],BASE_PACIENTES_2026[CUIL],0,0) -> 27 48669102 1 | C12: =+_xlfn.XLOOKUP(carga[[#This Row],[PACIENTE]],BASE_PACIENTES_2026[PACIENTE],BASE_PACIENTES_2026[O. SOCIAL],0,0) -> OSPEJ | D12: =+_xlfn.XLOOKUP(carga[[#This Row],[PACIENTE]],BASE_PACIENTES_2026[PACIENTE],BASE_PACIENTES_2026[MÓDULO],0,0) -> REHAB.SIMPLE | E12: T.T | F12: Fono | G12: 1 | H12: CASTRO Lucia Macarena | I12: Martes | J12: 0.76041667 | K12: R.Gimnasio | U12: =+MID(carga[[#This Row],[CUIL]],4,8) -> 48669102
A13: AGUIRRE VILLAMIZAR OLIVER JOSE | B13: =+_xlfn.XLOOKUP(carga[[#This Row],[PACIENTE]],BASE_PACIENTES_2026[PACIENTE],BASE_PACIENTES_2026[CUIL],0,0) -> 20 57528226 2 | C13: =+_xlfn.XLOOKUP(carga[[#This Row],[PACIENTE]],BASE_PACIENTES_2026[PACIENTE],BASE_PACIENTES_2026[O. SOCIAL],0,0) -> GEA PREPAGA | D13: =+_xlfn.XLOOKUP(carga[[#This Row],[PACIENTE]],BASE_PACIENTES_2026[PACIENTE],BASE_PACIENTES_2026[MÓDULO],0,0) -> REHAB.INTENSIVO + CAI | E13: T.T | F13: Fono | G13: 1 | H13: GIRAUDO MILAGROS VIRGINIA | I13: Martes | J13: 0.79166667 | K13: R.6 | L13: =+carga[[#This Row],[dia]] -> Martes | M13: =+carga[[#This Row],[hora]] -> 0.79166667 | U13: =+MID(carga[[#This Row],[CUIL]],4,8) -> 57528226
A14: ALANIS GINA | B14: =+_xlfn.XLOOKUP(carga[[#This Row],[PACIENTE]],BASE_PACIENTES_2026[PACIENTE],BASE_PACIENTES_2026[CUIL],0,0) -> 27 56063004 8 | C14: =+_xlfn.XLOOKUP(carga[[#This Row],[PACIENTE]],BASE_PACIENTES_2026[PACIENTE],BASE_PACIENTES_2026[O. SOCIAL],0,0) -> OSTACC | D14: =+_xlfn.XLOOKUP(carga[[#This Row],[PACIENTE]],BASE_PACIENTES_2026[PACIENTE],BASE_PACIENTES_2026[MÓDULO],0,0) -> REHAB.INTENSIVO + CAI | E14: T.T | F14: Fono | G14: 1 | H14: CASTRO Lucia Macarena | I14: Miercoles | J14: 0.67708333 | K14: R.3 | L14: =+carga[[#This Row],[dia]] -> Miercoles | M14: =+carga[[#This Row],[hora]] -> 0.67708333 | U14: =+MID(carga[[#This Row],[CUIL]],4,8) -> 56063004
A15: AGUIRRE VILLAMIZAR OLIVER JOSE | B15: =+_xlfn.XLOOKUP(carga[[#This Row],[PACIENTE]],BASE_PACIENTES_2026[PACIENTE],BASE_PACIENTES_2026[CUIL],0,0) -> 20 57528226 2 | C15: =+_xlfn.XLOOKUP(carga[[#This Row],[PACIENTE]],BASE_PACIENTES_2026[PACIENTE],BASE_PACIENTES_2026[O. SOCIAL],0,0) -> GEA PREPAGA | D15: =+_xlfn.XLOOKUP(carga[[#This Row],[PACIENTE]],BASE_PACIENTES_2026[PACIENTE],BASE_PACIENTES_2026[MÓDULO],0,0) -> REHAB.INTENSIVO + CAI | E15: T.T | F15: Psico Fliar | G15: 1 | H15: FERNANDEZ WOLFF Katerin | I15: Jueves | J15: 0.72916667 | K15: R.7 | L15: =+carga[[#This Row],[dia]] -> Jueves | M15: =+carga[[#This Row],[hora]] -> 0.72916667 | U15: =+MID(carga[[#This Row],[CUIL]],4,8) -> 57528226
A16: MACHADO VIDELA BENJAMIN FRANCESCO | B16: =+_xlfn.XLOOKUP(carga[[#This Row],[PACIENTE]],BASE_PACIENTES_2026[PACIENTE],BASE_PACIENTES_2026[CUIL],0,0) -> 20 58387335 0 | C16: =+_xlfn.XLOOKUP(carga[[#This Row],[PACIENTE]],BASE_PACIENTES_2026[PACIENTE],BASE_PACIENTES_2026[O. SOCIAL],0,0) -> OSPENA | D16: =+_xlfn.XLOOKUP(carga[[#This Row],[PACIENTE]],BASE_PACIENTES_2026[PACIENTE],BASE_PACIENTES_2026[MÓDULO],0,0) -> REHAB.INTENSIVO + CAI | E16: T.T | F16: Fono | G16: 1 | H16: GIMENEZ Agustina | I16: Miercoles | J16: 0.64583333 | K16: R.6 | L16: =+carga[[#This Row],[dia]] -> Miercoles | M16: =+carga[[#This Row],[hora]] -> 0.64583333 | U16: =+MID(carga[[#This Row],[CUIL]],4,8) -> 58387335
B17: =+_xlfn.XLOOKUP(carga[[#This Row],[PACIENTE]],BASE_PACIENTES_2026[PACIENTE],BASE_PACIENTES_2026[CUIL],0,0) -> 0 | C17: =+_xlfn.XLOOKUP(carga[[#This Row],[PACIENTE]],BASE_PACIENTES_2026[PACIENTE],BASE_PACIENTES_2026[O. SOCIAL],0,0) -> 0 | D17: =+_xlfn.XLOOKUP(carga[[#This Row],[PACIENTE]],BASE_PACIENTES_2026[PACIENTE],BASE_PACIENTES_2026[MÓDULO],0,0) -> 0 | L17: =+carga[[#This Row],[dia]] -> 0 | M17: =+carga[[#This Row],[hora]] -> 0 | U17: =+MID(carga[[#This Row],[CUIL]],4,8)
A18: FIGUEROA IVAN PEDRO | B18: =+_xlfn.XLOOKUP(carga[[#This Row],[PACIENTE]],BASE_PACIENTES_2026[PACIENTE],BASE_PACIENTES_2026[CUIL],0,0) -> 20 56061366 1 | C18: =+_xlfn.XLOOKUP(carga[[#This Row],[PACIENTE]],BASE_PACIENTES_2026[PACIENTE],BASE_PACIENTES_2026[O. SOCIAL],0,0) -> OSPECOR | D18: =+_xlfn.XLOOKUP(carga[[#This Row],[PACIENTE]],BASE_PACIENTES_2026[PACIENTE],BASE_PACIENTES_2026[MÓDULO],0,0) -> REHAB.INTENSIVO | E18: T.T | F18: Fono | G18: 1 | H18: PETANAS Sofia Milagros | I18: Miercoles | J18: 0.72916667 | K18: R.5 | L18: =+carga[[#This Row],[dia]] -> Miercoles | M18: =+carga[[#This Row],[hora]] -> 0.72916667 | U18: =+MID(carga[[#This Row],[CUIL]],4,8) -> 56061366
A19: BETOLLI CATALINA | B19: =+_xlfn.XLOOKUP(carga[[#This Row],[PACIENTE]],BASE_PACIENTES_2026[PACIENTE],BASE_PACIENTES_2026[CUIL],0,0) -> 0 | C19: =+_xlfn.XLOOKUP(carga[[#This Row],[PACIENTE]],BASE_PACIENTES_2026[PACIENTE],BASE_PACIENTES_2026[O. SOCIAL],0,0) -> 0 | D19: =+_xlfn.XLOOKUP(carga[[#This Row],[PACIENTE]],BASE_PACIENTES_2026[PACIENTE],BASE_PACIENTES_2026[MÓDULO],0,0) -> 0 | E19: T.M | F19: Kine | G19: 1 | H19: CONDORI Jose Hugo | I19: Martes | J19: 0.33333333 | K19: R.Gimnasio | L19: =+carga[[#This Row],[dia]] -> Martes | M19: =+carga[[#This Row],[hora]] -> 0.33333333 | U19: =+MID(carga[[#This Row],[CUIL]],4,8)
A20: CATRAMBONI FABRIZZIO FRANCESCO | B20: =+_xlfn.XLOOKUP(carga[[#This Row],[PACIENTE]],BASE_PACIENTES_2026[PACIENTE],BASE_PACIENTES_2026[CUIL],0,0) -> 20 56242157 3 | C20: =+_xlfn.XLOOKUP(carga[[#This Row],[PACIENTE]],BASE_PACIENTES_2026[PACIENTE],BASE_PACIENTES_2026[O. SOCIAL],0,0) -> IOSFA | D20: =+_xlfn.XLOOKUP(carga[[#This Row],[PACIENTE]],BASE_PACIENTES_2026[PACIENTE],BASE_PACIENTES_2026[MÓDULO],0,0) -> REHAB. SIMPLE + CAI | E20: T.T | F20: Fono | G20: 1 | H20: CASTRO Lucia Macarena | I20: Miercoles | J20: 0.64583333 | K20: R.3 | L20: =+carga[[#This Row],[dia]] -> Miercoles | M20: =+carga[[#This Row],[hora]] -> 0.64583333 | U20: =+MID(carga[[#This Row],[CUIL]],4,8) -> 56242157
A21: REYES FERREYRA AIXA YAZMIN | B21: =+_xlfn.XLOOKUP(carga[[#This Row],[PACIENTE]],BASE_PACIENTES_2026[PACIENTE],BASE_PACIENTES_2026[CUIL],0,0) -> 27 55010247 7 | C21: =+_xlfn.XLOOKUP(carga[[#This Row],[PACIENTE]],BASE_PACIENTES_2026[PACIENTE],BASE_PACIENTES_2026[O. SOCIAL],0,0) -> OSTACC | D21: =+_xlfn.XLOOKUP(carga[[#This Row],[PACIENTE]],BASE_PACIENTES_2026[PACIENTE],BASE_PACIENTES_2026[MÓDULO],0,0) -> REHAB. SIMPLE + CAI | E21: T.T | F21: Fono | G21: 1 | H21: GOMEZ Agustina Daniela | I21: Jueves | J21: 0.64583333 | K21: R.4 | L21: =+carga[[#This Row],[dia]] -> Jueves | M21: =+carga[[#This Row],[hora]] -> 0.64583333 | U21: =+MID(carga[[#This Row],[CUIL]],4,8) -> 55010247
A22: FURTADO JUAN JOSE | B22: =+_xlfn.XLOOKUP(carga[[#This Row],[PACIENTE]],BASE_PACIENTES_2026[PACIENTE],BASE_PACIENTES_2026[CUIL],0,0) -> 20 51034844 4 | C22: =+_xlfn.XLOOKUP(carga[[#This Row],[PACIENTE]],BASE_PACIENTES_2026[PACIENTE],BASE_PACIENTES_2026[O. SOCIAL],0,0) -> OSBLYCA (SERVIRED) | D22: =+_xlfn.XLOOKUP(carga[[#This Row],[PACIENTE]],BASE_PACIENTES_2026[PACIENTE],BASE_PACIENTES_2026[MÓDULO],0,0) -> REHAB.INTENSIVO | E22: T.T | F22: Fono | G22: 1 | H22: ARMOA Andrea Celeste | I22: Jueves | J22: 0.67708333 | K22: R.11 | L22: =+carga[[#This Row],[dia]] -> Jueves | M22: =+carga[[#This Row],[hora]] -> 0.67708333 | U22: =+MID(carga[[#This Row],[CUIL]],4,8) -> 51034844
A23: AGUIRRE VILLAMIZAR OLIVER JOSE | B23: =+_xlfn.XLOOKUP(carga[[#This Row],[PACIENTE]],BASE_PACIENTES_2026[PACIENTE],BASE_PACIENTES_2026[CUIL],0,0) -> 20 57528226 2 | C23: =+_xlfn.XLOOKUP(carga[[#This Row],[PACIENTE]],BASE_PACIENTES_2026[PACIENTE],BASE_PACIENTES_2026[O. SOCIAL],0,0) -> GEA PREPAGA | D23: =+_xlfn.XLOOKUP(carga[[#This Row],[PACIENTE]],BASE_PACIENTES_2026[PACIENTE],BASE_PACIENTES_2026[MÓDULO],0,0) -> REHAB.INTENSIVO + CAI | E23: T.T | F23: Fono | G23: 1 | H23: GIRAUDO MILAGROS VIRGINIA | I23: Jueves | J23: 0.72916667 | K23: R.6 | L23: =+carga[[#This Row],[dia]] -> Jueves | M23: =+carga[[#This Row],[hora]] -> 0.72916667 | U23: =+MID(carga[[#This Row],[CUIL]],4,8) -> 57528226
A24: OBREGON JAZMIN | B24: =+_xlfn.XLOOKUP(carga[[#This Row],[PACIENTE]],BASE_PACIENTES_2026[PACIENTE],BASE_PACIENTES_2026[CUIL],0,0) -> 27 47577786 1 | C24: =+_xlfn.XLOOKUP(carga[[#This Row],[PACIENTE]],BASE_PACIENTES_2026[PACIENTE],BASE_PACIENTES_2026[O. SOCIAL],0,0) -> IOSFA | D24: =+_xlfn.XLOOKUP(carga[[#This Row],[PACIENTE]],BASE_PACIENTES_2026[PACIENTE],BASE_PACIENTES_2026[MÓDULO],0,0) -> REHAB.SIMPLE | E24: T.M | F24: Kine | G24: 1 | H24: CONDORI Jose Hugo | I24: Martes | J24: 0.51041667 | K24: R.Gimnasio | L24: =+carga[[#This Row],[dia]] -> Martes | M24: =+carga[[#This Row],[hora]] -> 0.51041667 | U24: =+MID(carga[[#This Row],[CUIL]],4,8) -> 47577786
A25: SUAREZ CELESTE ABRIL | B25: =+_xlfn.XLOOKUP(carga[[#This Row],[PACIENTE]],BASE_PACIENTES_2026[PACIENTE],BASE_PACIENTES_2026[CUIL],0,0) -> 27 48669102 1 | C25: =+_xlfn.XLOOKUP(carga[[#This Row],[PACIENTE]],BASE_PACIENTES_2026[PACIENTE],BASE_PACIENTES_2026[O. SOCIAL],0,0) -> OSPEJ | D25: =+_xlfn.XLOOKUP(carga[[#This Row],[PACIENTE]],BASE_PACIENTES_2026[PACIENTE],BASE_PACIENTES_2026[MÓDULO],0,0) -> REHAB.SIMPLE | E25: T.T | F25: Fono | G25: 1 | H25: CASTRO Lucia Macarena | I25: Jueves | J25: 0.79166667 | K25: R.3 | L25: =+carga[[#This Row],[dia]] -> Jueves | M25: =+carga[[#This Row],[hora]] -> 0.79166667 | U25: =+MID(carga[[#This Row],[CUIL]],4,8) -> 48669102
A26: MATASSI TULIO ALEJANDRO | B26: =+_xlfn.XLOOKUP(carga[[#This Row],[PACIENTE]],BASE_PACIENTES_2026[PACIENTE],BASE_PACIENTES_2026[CUIL],0,0) -> 20 54476419 6 | C26: =+_xlfn.XLOOKUP(carga[[#This Row],[PACIENTE]],BASE_PACIENTES_2026[PACIENTE],BASE_PACIENTES_2026[O. SOCIAL],0,0) -> OSUTHGRA | D26: =+_xlfn.XLOOKUP(carga[[#This Row],[PACIENTE]],BASE_PACIENTES_2026[PACIENTE],BASE_PACIENTES_2026[MÓDULO],0,0) -> REHAB.INTENSIVO + CAI | E26: T.T | F26: Psico | G26: 1 | H26: CHIESA Gisella Erica Roxana | I26: Viernes | J26: 0.79166667 | K26: R.16 | L26: =+carga[[#This Row],[dia]] -> Viernes | M26: =+carga[[#This Row],[hora]] -> 0.79166667 | U26: =+MID(carga[[#This Row],[CUIL]],4,8) -> 54476419
B27: =+_xlfn.XLOOKUP(carga[[#This Row],[PACIENTE]],BASE_PACIENTES_2026[PACIENTE],BASE_PACIENTES_2026[CUIL],0,0) -> 0 | C27: =+_xlfn.XLOOKUP(carga[[#This Row],[PACIENTE]],BASE_PACIENTES_2026[PACIENTE],BASE_PACIENTES_2026[O. SOCIAL],0,0) -> 0 | D27: =+_xlfn.XLOOKUP(carga[[#This Row],[PACIENTE]],BASE_PACIENTES_2026[PACIENTE],BASE_PACIENTES_2026[MÓDULO],0,0) -> 0 | L27: =+carga[[#This Row],[dia]] -> 0 | M27: =+carga[[#This Row],[hora]] -> 0 | U27: =+MID(carga[[#This Row],[CUIL]],4,8)
A28: MOYA BRUNO CALIXTO | B28: =+_xlfn.XLOOKUP(carga[[#This Row],[PACIENTE]],BASE_PACIENTES_2026[PACIENTE],BASE_PACIENTES_2026[CUIL],0,0) -> 20 56764235 7 | C28: =+_xlfn.XLOOKUP(carga[[#This Row],[PACIENTE]],BASE_PACIENTES_2026[PACIENTE],BASE_PACIENTES_2026[O. SOCIAL],0,0) -> OSCEP (SIPSSA) | D28: =+_xlfn.XLOOKUP(carga[[#This Row],[PACIENTE]],BASE_PACIENTES_2026[PACIENTE],BASE_PACIENTES_2026[MÓDULO],0,0) -> REHAB.INTENSIVO + CAI | E28: T.T | F28: Fono | G28: 1 | H28: ARABIA Amira Nair | I28: Viernes | J28: 0.67708333 | L28: =+carga[[#This Row],[dia]] -> Viernes | M28: =+carga[[#This Row],[hora]] -> 0.67708333 | U28: =+MID(carga[[#This Row],[CUIL]],4,8) -> 56764235
A29: MONTENEGRO DEVRAN SAMUEL | B29: =+_xlfn.XLOOKUP(carga[[#This Row],[PACIENTE]],BASE_PACIENTES_2026[PACIENTE],BASE_PACIENTES_2026[CUIL],0,0) -> 20 55288753 1 | C29: =+_xlfn.XLOOKUP(carga[[#This Row],[PACIENTE]],BASE_PACIENTES_2026[PACIENTE],BASE_PACIENTES_2026[O. SOCIAL],0,0) -> IOSFA | D29: =+_xlfn.XLOOKUP(carga[[#This Row],[PACIENTE]],BASE_PACIENTES_2026[PACIENTE],BASE_PACIENTES_2026[MÓDULO],0,0) -> REHAB. SIMPLE + CAI | E29: T.T | F29: Fono | G29: 1 | H29: CASTRO Lucia Macarena | I29: Miercoles | J29: 0.79166667 | K29: R.3 | L29: =+carga[[#This Row],[dia]] -> Miercoles | M29: =+carga[[#This Row],[hora]] -> 0.79166667 | U29: =+MID(carga[[#This Row],[CUIL]],4,8) -> 55288753
A30: PATAGUA THEO VALENTIN | B30: =+_xlfn.XLOOKUP(carga[[#This Row],[PACIENTE]],BASE_PACIENTES_2026[PACIENTE],BASE_PACIENTES_2026[CUIL],0,0) -> 20 53627821 5 | C30: =+_xlfn.XLOOKUP(carga[[#This Row],[PACIENTE]],BASE_PACIENTES_2026[PACIENTE],BASE_PACIENTES_2026[O. SOCIAL],0,0) -> IOSFA | D30: =+_xlfn.XLOOKUP(carga[[#This Row],[PACIENTE]],BASE_PACIENTES_2026[PACIENTE],BASE_PACIENTES_2026[MÓDULO],0,0) -> REHAB. SIMPLE + CAI | E30: T.T | F30: Fono | G30: 1 | H30: GIMENEZ Agustina | I30: Viernes | J30: 0.76041667 | K30: R.6 | L30: =+carga[[#This Row],[dia]] -> Viernes | M30: =+carga[[#This Row],[hora]] -> 0.76041667 | U30: =+MID(carga[[#This Row],[CUIL]],4,8) -> 53627821
A31: CUELLO VALENTINO ANDRES | B31: =+_xlfn.XLOOKUP(carga[[#This Row],[PACIENTE]],BASE_PACIENTES_2026[PACIENTE],BASE_PACIENTES_2026[CUIL],0,0) -> 20 52962677 1 | C31: =+_xlfn.XLOOKUP(carga[[#This Row],[PACIENTE]],BASE_PACIENTES_2026[PACIENTE],BASE_PACIENTES_2026[O. SOCIAL],0,0) -> OSPEJ | D31: =+_xlfn.XLOOKUP(carga[[#This Row],[PACIENTE]],BASE_PACIENTES_2026[PACIENTE],BASE_PACIENTES_2026[MÓDULO],0,0) -> REHAB.SIMPLE | E31: T.T | F31: Fono | G31: 1 | H31: ARABIA Amira Nair | I31: Viernes | J31: 0.76041667 | L31: =+carga[[#This Row],[dia]] -> Viernes | M31: =+carga[[#This Row],[hora]] -> 0.76041667 | U31: =+MID(carga[[#This Row],[CUIL]],4,8) -> 52962677
A32: DIDYCZ ESTRADA MALENA VALENTINA | B32: =+_xlfn.XLOOKUP(carga[[#This Row],[PACIENTE]],BASE_PACIENTES_2026[PACIENTE],BASE_PACIENTES_2026[CUIL],0,0) -> 27 55522620 4 | C32: =+_xlfn.XLOOKUP(carga[[#This Row],[PACIENTE]],BASE_PACIENTES_2026[PACIENTE],BASE_PACIENTES_2026[O. SOCIAL],0,0) -> OSPENA | D32: =+_xlfn.XLOOKUP(carga[[#This Row],[PACIENTE]],BASE_PACIENTES_2026[PACIENTE],BASE_PACIENTES_2026[MÓDULO],0,0) -> REHAB.INTENSIVO + CAI | E32: T.M | F32: Fono | G32: 1 | H32: ARMOA Andrea Celeste | I32: Martes | J32: 0.33333333 | K32: R.11 | L32: =+carga[[#This Row],[dia]] -> Martes | M32: =+carga[[#This Row],[hora]] -> 0.33333333 | U32: =+MID(carga[[#This Row],[CUIL]],4,8) -> 55522620
A33: CORNEJO ANDULCE POOL VALENTINO | B33: =+_xlfn.XLOOKUP(carga[[#This Row],[PACIENTE]],BASE_PACIENTES_2026[PACIENTE],BASE_PACIENTES_2026[CUIL],0,0) -> 20 58557370 2 | C33: =+_xlfn.XLOOKUP(carga[[#This Row],[PACIENTE]],BASE_PACIENTES_2026[PACIENTE],BASE_PACIENTES_2026[O. SOCIAL],0,0) -> OSTACC | D33: =+_xlfn.XLOOKUP(carga[[#This Row],[PACIENTE]],BASE_PACIENTES_2026[PACIENTE],BASE_PACIENTES_2026[MÓDULO],0,0) -> REHAB.INTENSIVO + CAI | E33: T.M | F33: Fono | G33: 1 | H33: ARMOA Andrea Celeste | I33: Martes | J33: 0.47916667 | K33: R.11 | L33: =+carga[[#This Row],[dia]] -> Martes | M33: =+carga[[#This Row],[hora]] -> 0.47916667 | U33: =+MID(carga[[#This Row],[CUIL]],4,8) -> 58557370
A34: PAEZ FORMOSO LEON BENJAMIN | B34: =+_xlfn.XLOOKUP(carga[[#This Row],[PACIENTE]],BASE_PACIENTES_2026[PACIENTE],BASE_PACIENTES_2026[CUIL],0,0) -> 23 57744491 9 | C34: =+_xlfn.XLOOKUP(carga[[#This Row],[PACIENTE]],BASE_PACIENTES_2026[PACIENTE],BASE_PACIENTES_2026[O. SOCIAL],0,0) -> OSPE | D34: =+_xlfn.XLOOKUP(carga[[#This Row],[PACIENTE]],BASE_PACIENTES_2026[PACIENTE],BASE_PACIENTES_2026[MÓDULO],0,0) -> REHAB.INTENSIVO + CAI | E34: T.M | F34: Fono | G34: 1 | H34: ARMOA Andrea Celeste | I34: Martes | J34: 0.36458333 | K34: R.11 | L34: =+carga[[#This Row],[dia]] -> Martes | M34: =+carga[[#This Row],[hora]] -> 0.36458333 | U34: =+MID(carga[[#This Row],[CUIL]],4,8) -> 57744491
A35: MARTINEZ TOMAS | B35: =+_xlfn.XLOOKUP(carga[[#This Row],[PACIENTE]],BASE_PACIENTES_2026[PACIENTE],BASE_PACIENTES_2026[CUIL],0,0) -> 20 57944434 8 | C35: =+_xlfn.XLOOKUP(carga[[#This Row],[PACIENTE]],BASE_PACIENTES_2026[PACIENTE],BASE_PACIENTES_2026[O. SOCIAL],0,0) -> MEDIFÉ | D35: =+_xlfn.XLOOKUP(carga[[#This Row],[PACIENTE]],BASE_PACIENTES_2026[PACIENTE],BASE_PACIENTES_2026[MÓDULO],0,0) -> REHAB. SIMPLE + CAI | E35: T.M | F35: Fono | G35: 1 | H35: ARMOA Andrea Celeste | I35: Martes | J35: 0.36458333 | K35: R.11 | L35: =+carga[[#This Row],[dia]] -> Martes | M35: =+carga[[#This Row],[hora]] -> 0.36458333 | U35: =+MID(carga[[#This Row],[CUIL]],4,8) -> 57944434
A36: FALCON MALENA AGUSTINA | B36: =+_xlfn.XLOOKUP(carga[[#This Row],[PACIENTE]],BASE_PACIENTES_2026[PACIENTE],BASE_PACIENTES_2026[CUIL],0,0) -> 27 56063303 9 | C36: =+_xlfn.XLOOKUP(carga[[#This Row],[PACIENTE]],BASE_PACIENTES_2026[PACIENTE],BASE_PACIENTES_2026[O. SOCIAL],0,0) -> OSPEJ | D36: =+_xlfn.XLOOKUP(carga[[#This Row],[PACIENTE]],BASE_PACIENTES_2026[PACIENTE],BASE_PACIENTES_2026[MÓDULO],0,0) -> REHAB.INTENSIVO + CAI | E36: T.M | F36: Fono | G36: 1 | H36: ARMOA Andrea Celeste | I36: Martes | J36: 0.39583333 | K36: R.11 | L36: =+carga[[#This Row],[dia]] -> Martes | M36: =+carga[[#This Row],[hora]] -> 0.39583333 | U36: =+MID(carga[[#This Row],[CUIL]],4,8) -> 56063303
A37: PICHILINGUE ROMERO JUAN MARTIN | B37: =+_xlfn.XLOOKUP(carga[[#This Row],[PACIENTE]],BASE_PACIENTES_2026[PACIENTE],BASE_PACIENTES_2026[CUIL],0,0) -> 20 54306562 6 | C37: =+_xlfn.XLOOKUP(carga[[#This Row],[PACIENTE]],BASE_PACIENTES_2026[PACIENTE],BASE_PACIENTES_2026[O. SOCIAL],0,0) -> OSPICAL | D37: =+_xlfn.XLOOKUP(carga[[#This Row],[PACIENTE]],BASE_PACIENTES_2026[PACIENTE],BASE_PACIENTES_2026[MÓDULO],0,0) -> REHAB.INTENSIVO + CAI | E37: T.M | F37: Fono | G37: 1 | H37: ARMOA Andrea Celeste | I37: Martes | J37: 0.44791667 | K37: R.11 | L37: =+carga[[#This Row],[dia]] -> Martes | M37: =+carga[[#This Row],[hora]] -> 0.44791667 | U37: =+MID(carga[[#This Row],[CUIL]],4,8) -> 54306562
A38: LOPEZ SALAS LAUTARO MARTIN | B38: =+_xlfn.XLOOKUP(carga[[#This Row],[PACIENTE]],BASE_PACIENTES_2026[PACIENTE],BASE_PACIENTES_2026[CUIL],0,0) -> 20 54072524 2 | C38: =+_xlfn.XLOOKUP(carga[[#This Row],[PACIENTE]],BASE_PACIENTES_2026[PACIENTE],BASE_PACIENTES_2026[O. SOCIAL],0,0) -> OSTACC | D38: =+_xlfn.XLOOKUP(carga[[#This Row],[PACIENTE]],BASE_PACIENTES_2026[PACIENTE],BASE_PACIENTES_2026[MÓDULO],0,0) -> REHAB.INTENSIVO + CAI | E38: T.M | F38: Fono | G38: 1 | H38: BARRIA VAZQUEZ Luciana ALicia | I38: Lunes | J38: 0.44791667 | K38: R.5 | L38: =+carga[[#This Row],[dia]] -> Lunes | M38: =+carga[[#This Row],[hora]] -> 0.44791667 | U38: =+MID(carga[[#This Row],[CUIL]],4,8) -> 54072524
A39: PAZ CORDOBA BAUTISTA | B39: =+_xlfn.XLOOKUP(carga[[#This Row],[PACIENTE]],BASE_PACIENTES_2026[PACIENTE],BASE_PACIENTES_2026[CUIL],0,0) -> 20 56246858 8 | C39: =+_xlfn.XLOOKUP(carga[[#This Row],[PACIENTE]],BASE_PACIENTES_2026[PACIENTE],BASE_PACIENTES_2026[O. SOCIAL],0,0) -> OSGUIN (SERVIRED) | D39: =+_xlfn.XLOOKUP(carga[[#This Row],[PACIENTE]],BASE_PACIENTES_2026[PACIENTE],BASE_PACIENTES_2026[MÓDULO],0,0) -> REHAB.INTENSIVO + CAI | E39: T.M | F39: Fono | G39: 1 | H39: CASTRO Lucia Macarena | I39: Miercoles | J39: 0.39583333 | K39: R.10 | L39: =+carga[[#This Row],[dia]] -> Miercoles | M39: =+carga[[#This Row],[hora]] -> 0.39583333 | U39: =+MID(carga[[#This Row],[CUIL]],4,8) -> 56246858
A40: OBREGON JAZMIN | B40: =+_xlfn.XLOOKUP(carga[[#This Row],[PACIENTE]],BASE_PACIENTES_2026[PACIENTE],BASE_PACIENTES_2026[CUIL],0,0) -> 27 47577786 1 | C40: =+_xlfn.XLOOKUP(carga[[#This Row],[PACIENTE]],BASE_PACIENTES_2026[PACIENTE],BASE_PACIENTES_2026[O. SOCIAL],0,0) -> IOSFA | D40: =+_xlfn.XLOOKUP(carga[[#This Row],[PACIENTE]],BASE_PACIENTES_2026[PACIENTE],BASE_PACIENTES_2026[MÓDULO],0,0) -> REHAB.SIMPLE | E40: T.M | F40: Kine | G40: 1 | H40: CONDORI Jose Hugo | I40: Jueves | J40: 0.51041667 | K40: R.Gimnasio | L40: =+carga[[#This Row],[dia]] -> Jueves | M40: =+carga[[#This Row],[hora]] -> 0.51041667 | U40: =+MID(carga[[#This Row],[CUIL]],4,8) -> 47577786
A41: VIJARRA JOAQUIN EMILIANO | B41: =+_xlfn.XLOOKUP(carga[[#This Row],[PACIENTE]],BASE_PACIENTES_2026[PACIENTE],BASE_PACIENTES_2026[CUIL],0,0) -> 20 57945650 8 | C41: =+_xlfn.XLOOKUP(carga[[#This Row],[PACIENTE]],BASE_PACIENTES_2026[PACIENTE],BASE_PACIENTES_2026[O. SOCIAL],0,0) -> OSPENA | D41: =+_xlfn.XLOOKUP(carga[[#This Row],[PACIENTE]],BASE_PACIENTES_2026[PACIENTE],BASE_PACIENTES_2026[MÓDULO],0,0) -> REHAB.INTENSIVO + CAI | E41: T.T | F41: Fono | G41: 1 | H41: ARMOA Andrea Celeste | I41: Martes | J41: 0.67708333 | K41: R.11 | L41: =+carga[[#This Row],[dia]] -> Martes | M41: =+carga[[#This Row],[hora]] -> 0.67708333 | U41: =+MID(carga[[#This Row],[CUIL]],4,8) -> 57945650
A42: HEREDIA JOAQUIN | B42: =+_xlfn.XLOOKUP(carga[[#This Row],[PACIENTE]],BASE_PACIENTES_2026[PACIENTE],BASE_PACIENTES_2026[CUIL],0,0) -> 20 57944458 5 | C42: =+_xlfn.XLOOKUP(carga[[#This Row],[PACIENTE]],BASE_PACIENTES_2026[PACIENTE],BASE_PACIENTES_2026[O. SOCIAL],0,0) -> OSPECON | D42: =+_xlfn.XLOOKUP(carga[[#This Row],[PACIENTE]],BASE_PACIENTES_2026[PACIENTE],BASE_PACIENTES_2026[MÓDULO],0,0) -> REHAB.INTENSIVO + CAI | E42: T.T | F42: Fono | G42: 1 | H42: ARMOA Andrea Celeste | I42: Martes | J42: 0.72916667 | K42: R.11 | L42: =+carga[[#This Row],[dia]] -> Martes | M42: =+carga[[#This Row],[hora]] -> 0.72916667 | U42: =+MID(carga[[#This Row],[CUIL]],4,8) -> 57944458
A43: GUTIERREZ OLAVE CRISTOBAL NICOLAS | B43: =+_xlfn.XLOOKUP(carga[[#This Row],[PACIENTE]],BASE_PACIENTES_2026[PACIENTE],BASE_PACIENTES_2026[CUIL],0,0) -> 20 53669535 5 | C43: =+_xlfn.XLOOKUP(carga[[#This Row],[PACIENTE]],BASE_PACIENTES_2026[PACIENTE],BASE_PACIENTES_2026[O. SOCIAL],0,0) -> OSPEJ | D43: =+_xlfn.XLOOKUP(carga[[#This Row],[PACIENTE]],BASE_PACIENTES_2026[PACIENTE],BASE_PACIENTES_2026[MÓDULO],0,0) -> REHAB.INTENSIVO | E43: T.T | F43: Fono | G43: 1 | H43: ARMOA Andrea Celeste | I43: Martes | J43: 0.76041667 | K43: R.11 | L43: =+carga[[#This Row],[dia]] -> Martes | M43: =+carga[[#This Row],[hora]] -> 0.76041667 | U43: =+MID(carga[[#This Row],[CUIL]],4,8) -> 53669535
... A53: CORNEJO ANDULCE POOL VALENTINO | B53: =+_xlfn.XLOOKUP(carga[[#This Row],[PACIENTE]],BASE_PACIENTES_2026[PACIENTE],BASE_PACIENTES_2026[CUIL],0,0) -> 20 58557370 2 | C53: =+_xlfn.XLOOKUP(carga[[#This Row],[PACIENTE]],BASE_PACIENTES_2026[PACIENTE],BASE_PACIENTES_2026[O. SOCIAL],0,0) -> OSTACC | D53: =+_xlfn.XLOOKUP(carga[[#This Row],[PACIENTE]],BASE_PACIENTES_2026[PACIENTE],BASE_PACIENTES_2026[MÓDULO],0,0) -> REHAB.INTENSIVO + CAI | E53: T.M | F53: Fono | G53: 1 | H53: ARMOA Andrea Celeste | I53: Viernes | J53: 0.47916667 | K53: R.11 | L53: =+carga[[#This Row],[dia]] -> Viernes | M53: =+carga[[#This Row],[hora]] -> 0.47916667 | U53: =+MID(carga[[#This Row],[CUIL]],4,8) -> 58557370
A54: PICHILINGUE ROMERO JUAN MARTIN | B54: =+_xlfn.XLOOKUP(carga[[#This Row],[PACIENTE]],BASE_PACIENTES_2026[PACIENTE],BASE_PACIENTES_2026[CUIL],0,0) -> 20 54306562 6 | C54: =+_xlfn.XLOOKUP(carga[[#This Row],[PACIENTE]],BASE_PACIENTES_2026[PACIENTE],BASE_PACIENTES_2026[O. SOCIAL],0,0) -> OSPICAL | D54: =+_xlfn.XLOOKUP(carga[[#This Row],[PACIENTE]],BASE_PACIENTES_2026[PACIENTE],BASE_PACIENTES_2026[MÓDULO],0,0) -> REHAB.INTENSIVO + CAI | E54: T.M | F54: Fono | G54: 1 | H54: ARMOA Andrea Celeste | I54: Viernes | J54: 0.44791667 | K54: R.11 | U54: =+MID(carga[[#This Row],[CUIL]],4,8) -> 54306562
A55: LOPEZ SALAS LAUTARO MARTIN | B55: =+_xlfn.XLOOKUP(carga[[#This Row],[PACIENTE]],BASE_PACIENTES_2026[PACIENTE],BASE_PACIENTES_2026[CUIL],0,0) -> 20 54072524 2 | C55: =+_xlfn.XLOOKUP(carga[[#This Row],[PACIENTE]],BASE_PACIENTES_2026[PACIENTE],BASE_PACIENTES_2026[O. SOCIAL],0,0) -> OSTACC | D55: =+_xlfn.XLOOKUP(carga[[#This Row],[PACIENTE]],BASE_PACIENTES_2026[PACIENTE],BASE_PACIENTES_2026[MÓDULO],0,0) -> REHAB.INTENSIVO + CAI | E55: T.M | F55: Fono | G55: 1 | H55: ARMOA Andrea Celeste | I55: Viernes | J55: 0.44791667 | K55: R.11 | U55: =+MID(carga[[#This Row],[CUIL]],4,8) -> 54072524
A56: PAZ CORDOBA BAUTISTA | B56: =+_xlfn.XLOOKUP(carga[[#This Row],[PACIENTE]],BASE_PACIENTES_2026[PACIENTE],BASE_PACIENTES_2026[CUIL],0,0) -> 20 56246858 8 | C56: =+_xlfn.XLOOKUP(carga[[#This Row],[PACIENTE]],BASE_PACIENTES_2026[PACIENTE],BASE_PACIENTES_2026[O. SOCIAL],0,0) -> OSGUIN (SERVIRED) | D56: =+_xlfn.XLOOKUP(carga[[#This Row],[PACIENTE]],BASE_PACIENTES_2026[PACIENTE],BASE_PACIENTES_2026[MÓDULO],0,0) -> REHAB.INTENSIVO + CAI | E56: T.M | F56: Psm | G56: 1 | H56: GOMEZ MARTINA Carolina | I56: Miercoles | J56: 0.44791667 | K56: R.15 | L56: =+carga[[#This Row],[dia]] -> Miercoles | M56: =+carga[[#This Row],[hora]] -> 0.44791667 | U56: =+MID(carga[[#This Row],[CUIL]],4,8) -> 56246858
A57: JAZBEC JEREMIAS | B57: =+_xlfn.XLOOKUP(carga[[#This Row],[PACIENTE]],BASE_PACIENTES_2026[PACIENTE],BASE_PACIENTES_2026[CUIL],0,0) -> 20 54305212 5 | C57: =+_xlfn.XLOOKUP(carga[[#This Row],[PACIENTE]],BASE_PACIENTES_2026[PACIENTE],BASE_PACIENTES_2026[O. SOCIAL],0,0) -> OSPE | D57: =+_xlfn.XLOOKUP(carga[[#This Row],[PACIENTE]],BASE_PACIENTES_2026[PACIENTE],BASE_PACIENTES_2026[MÓDULO],0,0) -> REHAB. SIMPLE + CAI | E57: T.T | F57: Fono | G57: 1 | H57: BARRIA VAZQUEZ Luciana ALicia | I57: Lunes | J57: 0.58333333 | K57: R.11 | L57: =+carga[[#This Row],[dia]] -> Lunes | M57: =+carga[[#This Row],[hora]] -> 0.58333333 | U57: =+MID(carga[[#This Row],[CUIL]],4,8) -> 54305212
A58: VALLE CARRIZO MATEO VALENTINO | B58: =+_xlfn.XLOOKUP(carga[[#This Row],[PACIENTE]],BASE_PACIENTES_2026[PACIENTE],BASE_PACIENTES_2026[CUIL],0,0) -> 20 57944970 6 | C58: =+_xlfn.XLOOKUP(carga[[#This Row],[PACIENTE]],BASE_PACIENTES_2026[PACIENTE],BASE_PACIENTES_2026[O. SOCIAL],0,0) -> OSTACC | D58: =+_xlfn.XLOOKUP(carga[[#This Row],[PACIENTE]],BASE_PACIENTES_2026[PACIENTE],BASE_PACIENTES_2026[MÓDULO],0,0) -> REHAB.INTENSIVO + CAI | E58: T.T | F58: Fono | G58: 1 | H58: GOMEZ Agustina Daniela | I58: Lunes | J58: 0.61458333 | K58: R.1 | L58: =+carga[[#This Row],[dia]] -> Lunes | M58: =+carga[[#This Row],[hora]] -> 0.61458333 | U58: =+MID(carga[[#This Row],[CUIL]],4,8) -> 57944970
A59: MACHADO VIDELA BENJAMIN FRANCESCO | B59: =+_xlfn.XLOOKUP(carga[[#This Row],[PACIENTE]],BASE_PACIENTES_2026[PACIENTE],BASE_PACIENTES_2026[CUIL],0,0) -> 20 58387335 0 | C59: =+_xlfn.XLOOKUP(carga[[#This Row],[PACIENTE]],BASE_PACIENTES_2026[PACIENTE],BASE_PACIENTES_2026[O. SOCIAL],0,0) -> OSPENA | D59: =+_xlfn.XLOOKUP(carga[[#This Row],[PACIENTE]],BASE_PACIENTES_2026[PACIENTE],BASE_PACIENTES_2026[MÓDULO],0,0) -> REHAB.INTENSIVO + CAI | E59: T.T | F59: Fono | G59: 1 | H59: BARRIA VAZQUEZ Luciana ALicia | I59: Lunes | J59: 0.64583333 | K59: R.11 | L59: =+carga[[#This Row],[dia]] -> Lunes | M59: =+carga[[#This Row],[hora]] -> 0.64583333 | U59: =+MID(carga[[#This Row],[CUIL]],4,8) -> 58387335
A60: CACIVA MINASSIAN MORENA | B60: =+_xlfn.XLOOKUP(carga[[#This Row],[PACIENTE]],BASE_PACIENTES_2026[PACIENTE],BASE_PACIENTES_2026[CUIL],0,0) -> 27 54762549 3 | C60: =+_xlfn.XLOOKUP(carga[[#This Row],[PACIENTE]],BASE_PACIENTES_2026[PACIENTE],BASE_PACIENTES_2026[O. SOCIAL],0,0) -> OSTACC | D60: =+_xlfn.XLOOKUP(carga[[#This Row],[PACIENTE]],BASE_PACIENTES_2026[PACIENTE],BASE_PACIENTES_2026[MÓDULO],0,0) -> REHAB.INTENSIVO + CAI | E60: T.T | F60: Fono | G60: 1 | H60: BARRIA VAZQUEZ Luciana ALicia | I60: Lunes | J60: 0.67708333 | K60: R.11 | L60: =+carga[[#This Row],[dia]] -> Lunes | M60: =+carga[[#This Row],[hora]] -> 0.67708333 | U60: =+MID(carga[[#This Row],[CUIL]],4,8) -> 54762549
A61: PEREZ FERREYRA MIA FRANCESCA | B61: =+_xlfn.XLOOKUP(carga[[#This Row],[PACIENTE]],BASE_PACIENTES_2026[PACIENTE],BASE_PACIENTES_2026[CUIL],0,0) -> 27 56978295 9 | C61: =+_xlfn.XLOOKUP(carga[[#This Row],[PACIENTE]],BASE_PACIENTES_2026[PACIENTE],BASE_PACIENTES_2026[O. SOCIAL],0,0) -> OSPENA | D61: =+_xlfn.XLOOKUP(carga[[#This Row],[PACIENTE]],BASE_PACIENTES_2026[PACIENTE],BASE_PACIENTES_2026[MÓDULO],0,0) -> REHAB.INTENSIVO + CAI | E61: T.T | F61: Fono | G61: 1 | H61: BARRIA VAZQUEZ Luciana ALicia | I61: Lunes | J61: 0.72916667 | K61: R.11 | L61: =+carga[[#This Row],[dia]] -> Lunes | M61: =+carga[[#This Row],[hora]] -> 0.72916667 | U61: =+MID(carga[[#This Row],[CUIL]],4,8) -> 56978295
A62: GODINO OCHONGA JUAN VALENTIN | B62: =+_xlfn.XLOOKUP(carga[[#This Row],[PACIENTE]],BASE_PACIENTES_2026[PACIENTE],BASE_PACIENTES_2026[CUIL],0,0) -> 20 54018629 5 | C62: =+_xlfn.XLOOKUP(carga[[#This Row],[PACIENTE]],BASE_PACIENTES_2026[PACIENTE],BASE_PACIENTES_2026[O. SOCIAL],0,0) -> OSPEJ | D62: =+_xlfn.XLOOKUP(carga[[#This Row],[PACIENTE]],BASE_PACIENTES_2026[PACIENTE],BASE_PACIENTES_2026[MÓDULO],0,0) -> REHAB.INTENSIVO + CAI | E62: T.T | F62: Fono | G62: 1 | H62: CASTRO Lucia Macarena | I62: Lunes | J62: 0.76041667 | K62: R.3 | L62: =+carga[[#This Row],[dia]] -> Lunes | M62: =+carga[[#This Row],[hora]] -> 0.76041667 | U62: =+MID(carga[[#This Row],[CUIL]],4,8) -> 54018629
A63: LASTRA BIANCA GUADALUPE | B63: =+_xlfn.XLOOKUP(carga[[#This Row],[PACIENTE]],BASE_PACIENTES_2026[PACIENTE],BASE_PACIENTES_2026[CUIL],0,0) -> 27 50835463 6 | C63: =+_xlfn.XLOOKUP(carga[[#This Row],[PACIENTE]],BASE_PACIENTES_2026[PACIENTE],BASE_PACIENTES_2026[O. SOCIAL],0,0) -> OSUTHGRA | D63: =+_xlfn.XLOOKUP(carga[[#This Row],[PACIENTE]],BASE_PACIENTES_2026[PACIENTE],BASE_PACIENTES_2026[MÓDULO],0,0) -> REHAB.SIMPLE | E63: T.T | F63: Fono | G63: 1 | H63: BARRIA VAZQUEZ Luciana ALicia | I63: Lunes | J63: 0.79166667 | K63: R.11 | L63: =+carga[[#This Row],[dia]] -> Lunes | M63: =+carga[[#This Row],[hora]] -> 0.79166667 | U63: =+MID(carga[[#This Row],[CUIL]],4,8) -> 50835463
A64: BETOLLI CATALINA | B64: =+_xlfn.XLOOKUP(carga[[#This Row],[PACIENTE]],BASE_PACIENTES_2026[PACIENTE],BASE_PACIENTES_2026[CUIL],0,0) -> 0 | C64: =+_xlfn.XLOOKUP(carga[[#This Row],[PACIENTE]],BASE_PACIENTES_2026[PACIENTE],BASE_PACIENTES_2026[O. SOCIAL],0,0) -> 0 | D64: =+_xlfn.XLOOKUP(carga[[#This Row],[PACIENTE]],BASE_PACIENTES_2026[PACIENTE],BASE_PACIENTES_2026[MÓDULO],0,0) -> 0 | E64: T.M | F64: Kine | G64: 1 | H64: CONDORI Jose Hugo | I64: Jueves | J64: 0.33333333 | K64: R.Gimnasio | L64: =+carga[[#This Row],[dia]] -> Jueves | M64: =+carga[[#This Row],[hora]] -> 0.33333333 | U64: =+MID(carga[[#This Row],[CUIL]],4,8)
A65: LAZARTE MATEO LIONEL | B65: =+_xlfn.XLOOKUP(carga[[#This Row],[PACIENTE]],BASE_PACIENTES_2026[PACIENTE],BASE_PACIENTES_2026[CUIL],0,0) -> 20 54760543 9 | C65: =+_xlfn.XLOOKUP(carga[[#This Row],[PACIENTE]],BASE_PACIENTES_2026[PACIENTE],BASE_PACIENTES_2026[O. SOCIAL],0,0) -> OSPLAD | D65: =+_xlfn.XLOOKUP(carga[[#This Row],[PACIENTE]],BASE_PACIENTES_2026[PACIENTE],BASE_PACIENTES_2026[MÓDULO],0,0) -> REHAB.INTENSIVO | E65: T.T | F65: Fono | G65: 1 | H65: BARRIA VAZQUEZ Luciana ALicia | I65: Martes | J65: 0.58333333 | K65: R.15 | L65: =+carga[[#This Row],[dia]] -> Martes | M65: =+carga[[#This Row],[hora]] -> 0.58333333 | U65: =+MID(carga[[#This Row],[CUIL]],4,8) -> 54760543
A66: CERUOLO SANTINO GABRIEL | B66: =+_xlfn.XLOOKUP(carga[[#This Row],[PACIENTE]],BASE_PACIENTES_2026[PACIENTE],BASE_PACIENTES_2026[CUIL],0,0) -> 20 535042900 | C66: =+_xlfn.XLOOKUP(carga[[#This Row],[PACIENTE]],BASE_PACIENTES_2026[PACIENTE],BASE_PACIENTES_2026[O. SOCIAL],0,0) -> OSIM | D66: =+_xlfn.XLOOKUP(carga[[#This Row],[PACIENTE]],BASE_PACIENTES_2026[PACIENTE],BASE_PACIENTES_2026[MÓDULO],0,0) -> REHAB.SIMPLE | E66: T.T | F66: Fono | G66: 1 | H66: BARRIA VAZQUEZ Luciana ALicia | I66: Martes | J66: 0.67708333 | K66: R.15 | L66: =+carga[[#This Row],[dia]] -> Martes | M66: =+carga[[#This Row],[hora]] -> 0.67708333 | U66: =+MID(carga[[#This Row],[CUIL]],4,8) -> 53504290
A67: CLARO MARINO JULIETA NICOL | B67: =+_xlfn.XLOOKUP(carga[[#This Row],[PACIENTE]],BASE_PACIENTES_2026[PACIENTE],BASE_PACIENTES_2026[CUIL],0,0) -> 27 56062259 2 | C67: =+_xlfn.XLOOKUP(carga[[#This Row],[PACIENTE]],BASE_PACIENTES_2026[PACIENTE],BASE_PACIENTES_2026[O. SOCIAL],0,0) -> OSPENA | D67: =+_xlfn.XLOOKUP(carga[[#This Row],[PACIENTE]],BASE_PACIENTES_2026[PACIENTE],BASE_PACIENTES_2026[MÓDULO],0,0) -> REHAB. SIMPLE + CAI | E67: T.T | F67: Fono | G67: 1 | H67: BARRIA VAZQUEZ Luciana ALicia | I67: Martes | J67: 0.72916667 | K67: R.15 | L67: =+carga[[#This Row],[dia]] -> Martes | M67: =+carga[[#This Row],[hora]] -> 0.72916667 | U67: =+MID(carga[[#This Row],[CUIL]],4,8) -> 56062259
... A100: MONTIEL CABRERA GUADALUPE | B100: =+_xlfn.XLOOKUP(carga[[#This Row],[PACIENTE]],BASE_PACIENTES_2026[PACIENTE],BASE_PACIENTES_2026[CUIL],0,0) -> 27 55835527 7 | C100: =+_xlfn.XLOOKUP(carga[[#This Row],[PACIENTE]],BASE_PACIENTES_2026[PACIENTE],BASE_PACIENTES_2026[O. SOCIAL],0,0) -> OSTACC | D100: =+_xlfn.XLOOKUP(carga[[#This Row],[PACIENTE]],BASE_PACIENTES_2026[PACIENTE],BASE_PACIENTES_2026[MÓDULO],0,0) -> REHAB.INTENSIVO + CAI | E100: T.T | F100: Fono | G100: 1 | H100: CASTRO Lucia Macarena | I100: Jueves | J100: 0.76041667 | K100: R.3 | L100: =+carga[[#This Row],[dia]] -> Jueves | M100: =+carga[[#This Row],[hora]] -> 0.76041667 | U100: =+MID(carga[[#This Row],[CUIL]],4,8) -> 55835527
A101: HEREDIA JOAQUIN | B101: =+_xlfn.XLOOKUP(carga[[#This Row],[PACIENTE]],BASE_PACIENTES_2026[PACIENTE],BASE_PACIENTES_2026[CUIL],0,0) -> 20 57944458 5 | C101: =+_xlfn.XLOOKUP(carga[[#This Row],[PACIENTE]],BASE_PACIENTES_2026[PACIENTE],BASE_PACIENTES_2026[O. SOCIAL],0,0) -> OSPECON | D101: =+_xlfn.XLOOKUP(carga[[#This Row],[PACIENTE]],BASE_PACIENTES_2026[PACIENTE],BASE_PACIENTES_2026[MÓDULO],0,0) -> REHAB.INTENSIVO + CAI | E101: T.T | F101: TO | G101: 1 | H101: ZUÑIGA Lara Rosario | I101: Lunes | J101: 0.64583333 | L101: =+carga[[#This Row],[dia]] -> Lunes | M101: =+carga[[#This Row],[hora]] -> 0.64583333 | U101: =+MID(carga[[#This Row],[CUIL]],4,8) -> 57944458
A102: SEGOVIA TIZIANO BENJAMIN | B102: =+_xlfn.XLOOKUP(carga[[#This Row],[PACIENTE]],BASE_PACIENTES_2026[PACIENTE],BASE_PACIENTES_2026[CUIL],0,0) -> 20 56228347 2 | C102: =+_xlfn.XLOOKUP(carga[[#This Row],[PACIENTE]],BASE_PACIENTES_2026[PACIENTE],BASE_PACIENTES_2026[O. SOCIAL],0,0) -> OSPEVIC | D102: =+_xlfn.XLOOKUP(carga[[#This Row],[PACIENTE]],BASE_PACIENTES_2026[PACIENTE],BASE_PACIENTES_2026[MÓDULO],0,0) -> REHAB.INTENSIVO + CAI | E102: T.T | F102: Fono | G102: 1 | H102: GOMEZ Agustina Daniela | I102: Miercoles | J102: 0.67708333 | K102: R.1 | L102: =+carga[[#This Row],[dia]] -> Miercoles | M102: =+carga[[#This Row],[hora]] -> 0.67708333 | U102: =+MID(carga[[#This Row],[CUIL]],4,8) -> 56228347
A103: GUANANJA AGUIRRE EIDAN MAXIMO | B103: =+_xlfn.XLOOKUP(carga[[#This Row],[PACIENTE]],BASE_PACIENTES_2026[PACIENTE],BASE_PACIENTES_2026[CUIL],0,0) -> 20 56060440 9 | C103: =+_xlfn.XLOOKUP(carga[[#This Row],[PACIENTE]],BASE_PACIENTES_2026[PACIENTE],BASE_PACIENTES_2026[O. SOCIAL],0,0) -> OSCEP (SIPSSA) | D103: =+_xlfn.XLOOKUP(carga[[#This Row],[PACIENTE]],BASE_PACIENTES_2026[PACIENTE],BASE_PACIENTES_2026[MÓDULO],0,0) -> REHAB.INTENSIVO + CAI | E103: T.T | F103: Fono | G103: 1 | H103: CASTRO Lucia Macarena | I103: Viernes | J103: 0.58333333 | K103: R.3 | L103: =+carga[[#This Row],[dia]] -> Viernes | M103: =+carga[[#This Row],[hora]] -> 0.58333333 | U103: =+MID(carga[[#This Row],[CUIL]],4,8) -> 56060440
A104: MONTOYA ROCIO MILENA | B104: =+_xlfn.XLOOKUP(carga[[#This Row],[PACIENTE]],BASE_PACIENTES_2026[PACIENTE],BASE_PACIENTES_2026[CUIL],0,0) -> 27 55460355 1 | C104: =+_xlfn.XLOOKUP(carga[[#This Row],[PACIENTE]],BASE_PACIENTES_2026[PACIENTE],BASE_PACIENTES_2026[O. SOCIAL],0,0) -> OSUTHGRA | D104: =+_xlfn.XLOOKUP(carga[[#This Row],[PACIENTE]],BASE_PACIENTES_2026[PACIENTE],BASE_PACIENTES_2026[MÓDULO],0,0) -> REHAB.INTENSIVO + CAI | E104: T.T | F104: Fono | G104: 1 | H104: CASTRO Lucia Macarena | I104: Viernes | J104: 0.64583333 | K104: R.3 | L104: =+carga[[#This Row],[dia]] -> Viernes | M104: =+carga[[#This Row],[hora]] -> 0.64583333 | U104: =+MID(carga[[#This Row],[CUIL]],4,8) -> 55460355
A105: CASTILLO IAN | B105: =+_xlfn.XLOOKUP(carga[[#This Row],[PACIENTE]],BASE_PACIENTES_2026[PACIENTE],BASE_PACIENTES_2026[CUIL],0,0) -> 20 55521456 2 | C105: =+_xlfn.XLOOKUP(carga[[#This Row],[PACIENTE]],BASE_PACIENTES_2026[PACIENTE],BASE_PACIENTES_2026[O. SOCIAL],0,0) -> OSPENA | D105: =+_xlfn.XLOOKUP(carga[[#This Row],[PACIENTE]],BASE_PACIENTES_2026[PACIENTE],BASE_PACIENTES_2026[MÓDULO],0,0) -> REHAB.INTENSIVO + CAI | E105: T.T | F105: Fono | G105: 1 | H105: CASTRO Lucia Macarena | I105: Viernes | J105: 0.67708333 | K105: R.3 | L105: =+carga[[#This Row],[dia]] -> Viernes | M105: =+carga[[#This Row],[hora]] -> 0.67708333 | U105: =+MID(carga[[#This Row],[CUIL]],4,8) -> 55521456
A106: REYNOSO MANUEL ELIAS | B106: =+_xlfn.XLOOKUP(carga[[#This Row],[PACIENTE]],BASE_PACIENTES_2026[PACIENTE],BASE_PACIENTES_2026[CUIL],0,0) -> 23 48535843 9 | C106: =+_xlfn.XLOOKUP(carga[[#This Row],[PACIENTE]],BASE_PACIENTES_2026[PACIENTE],BASE_PACIENTES_2026[O. SOCIAL],0,0) -> OSUTHGRA | D106: =+_xlfn.XLOOKUP(carga[[#This Row],[PACIENTE]],BASE_PACIENTES_2026[PACIENTE],BASE_PACIENTES_2026[MÓDULO],0,0) -> REHAB.INTENSIVO | E106: T.T | F106: Fono | G106: 1 | H106: CASTRO Lucia Macarena | I106: Viernes | J106: 0.76041667 | K106: R.3 | L106: =+carga[[#This Row],[dia]] -> Viernes | M106: =+carga[[#This Row],[hora]] -> 0.76041667 | U106: =+MID(carga[[#This Row],[CUIL]],4,8) -> 48535843
A107: DIAZ SILVA THIAN ALEXANDER | B107: =+_xlfn.XLOOKUP(carga[[#This Row],[PACIENTE]],BASE_PACIENTES_2026[PACIENTE],BASE_PACIENTES_2026[CUIL],0,0) -> 20 50854018 4 | C107: =+_xlfn.XLOOKUP(carga[[#This Row],[PACIENTE]],BASE_PACIENTES_2026[PACIENTE],BASE_PACIENTES_2026[O. SOCIAL],0,0) -> OSUTHGRA | D107: =+_xlfn.XLOOKUP(carga[[#This Row],[PACIENTE]],BASE_PACIENTES_2026[PACIENTE],BASE_PACIENTES_2026[MÓDULO],0,0) -> REHAB.INTENSIVO + CAI | E107: T.T | F107: Fono | G107: 1 | H107: CASTRO Lucia Macarena | I107: Viernes | J107: 0.76041667 | K107: R.3 | L107: =+carga[[#This Row],[dia]] -> Viernes | M107: =+carga[[#This Row],[hora]] -> 0.76041667 | U107: =+MID(carga[[#This Row],[CUIL]],4,8) -> 50854018
A108: PAZ CORDOBA BAUTISTA | B108: =+_xlfn.XLOOKUP(carga[[#This Row],[PACIENTE]],BASE_PACIENTES_2026[PACIENTE],BASE_PACIENTES_2026[CUIL],0,0) -> 20 56246858 8 | C108: =+_xlfn.XLOOKUP(carga[[#This Row],[PACIENTE]],BASE_PACIENTES_2026[PACIENTE],BASE_PACIENTES_2026[O. SOCIAL],0,0) -> OSGUIN (SERVIRED) | D108: =+_xlfn.XLOOKUP(carga[[#This Row],[PACIENTE]],BASE_PACIENTES_2026[PACIENTE],BASE_PACIENTES_2026[MÓDULO],0,0) -> REHAB.INTENSIVO + CAI | E108: T.M | F108: Fono | G108: 1 | H108: CASTRO Lucia Macarena | I108: Viernes | J108: 0.39583333 | K108: R.16 | L108: =+carga[[#This Row],[dia]] -> Viernes | M108: =+carga[[#This Row],[hora]] -> 0.39583333 | U108: =+MID(carga[[#This Row],[CUIL]],4,8) -> 56246858
A109: LAMONICA SOFIA GUADALUPE | B109: =+_xlfn.XLOOKUP(carga[[#This Row],[PACIENTE]],BASE_PACIENTES_2026[PACIENTE],BASE_PACIENTES_2026[CUIL],0,0) -> 27 59115307 8 | C109: =+_xlfn.XLOOKUP(carga[[#This Row],[PACIENTE]],BASE_PACIENTES_2026[PACIENTE],BASE_PACIENTES_2026[O. SOCIAL],0,0) -> OSTACC | D109: =+_xlfn.XLOOKUP(carga[[#This Row],[PACIENTE]],BASE_PACIENTES_2026[PACIENTE],BASE_PACIENTES_2026[MÓDULO],0,0) -> REHAB.INTENSIVO + CAI | E109: T.T | F109: Fono | G109: 1 | H109: CASTRO Lucia Macarena | I109: Viernes | J109: 0.79166667 | K109: R.3 | L109: =+carga[[#This Row],[dia]] -> Viernes | M109: =+carga[[#This Row],[hora]] -> 0.79166667 | U109: =+MID(carga[[#This Row],[CUIL]],4,8) -> 59115307
A110: RIOS AMBAR | B110: =+_xlfn.XLOOKUP(carga[[#This Row],[PACIENTE]],BASE_PACIENTES_2026[PACIENTE],BASE_PACIENTES_2026[CUIL],0,0) -> 27 57530670 0 | C110: =+_xlfn.XLOOKUP(carga[[#This Row],[PACIENTE]],BASE_PACIENTES_2026[PACIENTE],BASE_PACIENTES_2026[O. SOCIAL],0,0) -> OSPLYFC | D110: =+_xlfn.XLOOKUP(carga[[#This Row],[PACIENTE]],BASE_PACIENTES_2026[PACIENTE],BASE_PACIENTES_2026[MÓDULO],0,0) -> REHAB.INTENSIVO + CAI | E110: T.M | F110: Fono | G110: 1 | H110: LAZO Ana Magdalena | I110: Martes | J110: 0.51041667 | K110: R.6 | L110: =+carga[[#This Row],[dia]] -> Martes | M110: =+carga[[#This Row],[hora]] -> 0.51041667 | U110: =+MID(carga[[#This Row],[CUIL]],4,8) -> 57530670
A111: MURUA JOAQUIN YUTIEL | B111: =+_xlfn.XLOOKUP(carga[[#This Row],[PACIENTE]],BASE_PACIENTES_2026[PACIENTE],BASE_PACIENTES_2026[CUIL],0,0) -> 20 52230235 0 | C111: =+_xlfn.XLOOKUP(carga[[#This Row],[PACIENTE]],BASE_PACIENTES_2026[PACIENTE],BASE_PACIENTES_2026[O. SOCIAL],0,0) -> OSPIC | D111: =+_xlfn.XLOOKUP(carga[[#This Row],[PACIENTE]],BASE_PACIENTES_2026[PACIENTE],BASE_PACIENTES_2026[MÓDULO],0,0) -> REHAB.INTENSIVO | E111: T.T | F111: Fono | G111: 1 | H111: GOMEZ Agustina Daniela | I111: Lunes | J111: 0.67708333 | K111: R.1 | L111: =+carga[[#This Row],[dia]] -> Lunes | M111: =+carga[[#This Row],[hora]] -> 0.67708333 | U111: =+MID(carga[[#This Row],[CUIL]],4,8) -> 52230235
A112: CORDOBA BRIAN OSVALDO | B112: =+_xlfn.XLOOKUP(carga[[#This Row],[PACIENTE]],BASE_PACIENTES_2026[PACIENTE],BASE_PACIENTES_2026[CUIL],0,0) -> 23 48124006 9 | C112: =+_xlfn.XLOOKUP(carga[[#This Row],[PACIENTE]],BASE_PACIENTES_2026[PACIENTE],BASE_PACIENTES_2026[O. SOCIAL],0,0) -> OSPJTAP | D112: =+_xlfn.XLOOKUP(carga[[#This Row],[PACIENTE]],BASE_PACIENTES_2026[PACIENTE],BASE_PACIENTES_2026[MÓDULO],0,0) -> REHAB. SIMPLE + CAI | E112: T.T | F112: Psp | G112: 1 | H112: CORTEZ Carolina Anahi | I112: Miercoles | J112: 0.61458333 | K112: CAI.1 | L112: =+carga[[#This Row],[dia]] -> Miercoles | M112: =+carga[[#This Row],[hora]] -> 0.61458333 | P112: ingresa 19/05/2026 | U112: =+MID(carga[[#This Row],[CUIL]],4,8) -> 48124006
A113: MOYANO BARRIOS RODRIGO VALENTIN | B113: =+_xlfn.XLOOKUP(carga[[#This Row],[PACIENTE]],BASE_PACIENTES_2026[PACIENTE],BASE_PACIENTES_2026[CUIL],0,0) -> 23 57739677 9 | C113: =+_xlfn.XLOOKUP(carga[[#This Row],[PACIENTE]],BASE_PACIENTES_2026[PACIENTE],BASE_PACIENTES_2026[O. SOCIAL],0,0) -> OSTACC | D113: =+_xlfn.XLOOKUP(carga[[#This Row],[PACIENTE]],BASE_PACIENTES_2026[PACIENTE],BASE_PACIENTES_2026[MÓDULO],0,0) -> REHAB.INTENSIVO + CAI | E113: T.T | F113: Fono | G113: 1 | H113: GOMEZ Agustina Daniela | I113: Lunes | J113: 0.76041667 | K113: R.1 | L113: =+carga[[#This Row],[dia]] -> Lunes | M113: =+carga[[#This Row],[hora]] -> 0.76041667 | U113: =+MID(carga[[#This Row],[CUIL]],4,8) -> 57739677
A114: MOLINA ALEJO JOEL | B114: =+_xlfn.XLOOKUP(carga[[#This Row],[PACIENTE]],BASE_PACIENTES_2026[PACIENTE],BASE_PACIENTES_2026[CUIL],0,0) -> 20 46972085 4 | C114: =+_xlfn.XLOOKUP(carga[[#This Row],[PACIENTE]],BASE_PACIENTES_2026[PACIENTE],BASE_PACIENTES_2026[O. SOCIAL],0,0) -> OSUTHGRA | D114: =+_xlfn.XLOOKUP(carga[[#This Row],[PACIENTE]],BASE_PACIENTES_2026[PACIENTE],BASE_PACIENTES_2026[MÓDULO],0,0) -> REHAB. SIMPLE + CAI | E114: T.T | F114: Fono | G114: 1 | H114: PETANAS Sofia Milagros | I114: Jueves | J114: 0.76041667 | K114: R.5 | L114: =+carga[[#This Row],[dia]] -> Jueves | M114: =+carga[[#This Row],[hora]] -> 0.76041667 | U114: =+MID(carga[[#This Row],[CUIL]],4,8) -> 46972085
A115: ROBIN FELIPE BENJAMIN | B115: =+_xlfn.XLOOKUP(carga[[#This Row],[PACIENTE]],BASE_PACIENTES_2026[PACIENTE],BASE_PACIENTES_2026[CUIL],0,0) -> 20 57566237 5 | C115: =+_xlfn.XLOOKUP(carga[[#This Row],[PACIENTE]],BASE_PACIENTES_2026[PACIENTE],BASE_PACIENTES_2026[O. SOCIAL],0,0) -> IOSFA | D115: =+_xlfn.XLOOKUP(carga[[#This Row],[PACIENTE]],BASE_PACIENTES_2026[PACIENTE],BASE_PACIENTES_2026[MÓDULO],0,0) -> REHAB.INTENSIVO + CAI | E115: T.T | F115: Psm | G115: 1 | H115: CRIADO Sabrina Tamara | I115: Lunes | J115: 0.64583333 | K115: R.17 | U115: =+MID(carga[[#This Row],[CUIL]],4,8) -> 57566237
A116: LOPEZ JOAQUIN ABEL | B116: =+_xlfn.XLOOKUP(carga[[#This Row],[PACIENTE]],BASE_PACIENTES_2026[PACIENTE],BASE_PACIENTES_2026[CUIL],0,0) -> 23 55007536 9 | C116: =+_xlfn.XLOOKUP(carga[[#This Row],[PACIENTE]],BASE_PACIENTES_2026[PACIENTE],BASE_PACIENTES_2026[O. SOCIAL],0,0) -> OSPEJ | D116: =+_xlfn.XLOOKUP(carga[[#This Row],[PACIENTE]],BASE_PACIENTES_2026[PACIENTE],BASE_PACIENTES_2026[MÓDULO],0,0) -> REHAB.INTENSIVO + CAI | E116: T.T | F116: Fono | G116: 1 | H116: GOMEZ Agustina Daniela | I116: Miercoles | J116: 0.72916667 | K116: R.1 | L116: =+carga[[#This Row],[dia]] -> Miercoles | M116: =+carga[[#This Row],[hora]] -> 0.72916667 | U116: =+MID(carga[[#This Row],[CUIL]],4,8) -> 55007536
A117: RIOS ACOSTA STHEFANY | B117: =+_xlfn.XLOOKUP(carga[[#This Row],[PACIENTE]],BASE_PACIENTES_2026[PACIENTE],BASE_PACIENTES_2026[CUIL],0,0) -> 27 55838201 0 | C117: =+_xlfn.XLOOKUP(carga[[#This Row],[PACIENTE]],BASE_PACIENTES_2026[PACIENTE],BASE_PACIENTES_2026[O. SOCIAL],0,0) -> OSPEJ | D117: =+_xlfn.XLOOKUP(carga[[#This Row],[PACIENTE]],BASE_PACIENTES_2026[PACIENTE],BASE_PACIENTES_2026[MÓDULO],0,0) -> REHAB.INTENSIVO + CAI | E117: T.T | F117: Fono | G117: 1 | H117: GOMEZ Agustina Daniela | I117: Miercoles | J117: 0.76041667 | K117: R.1 | L117: =+carga[[#This Row],[dia]] -> Miercoles | M117: =+carga[[#This Row],[hora]] -> 0.76041667 | U117: =+MID(carga[[#This Row],[CUIL]],4,8) -> 55838201
A118: MOYANO BARRIOS RODRIGO VALENTIN | B118: =+_xlfn.XLOOKUP(carga[[#This Row],[PACIENTE]],BASE_PACIENTES_2026[PACIENTE],BASE_PACIENTES_2026[CUIL],0,0) -> 23 57739677 9 | C118: =+_xlfn.XLOOKUP(carga[[#This Row],[PACIENTE]],BASE_PACIENTES_2026[PACIENTE],BASE_PACIENTES_2026[O. SOCIAL],0,0) -> OSTACC | D118: =+_xlfn.XLOOKUP(carga[[#This Row],[PACIENTE]],BASE_PACIENTES_2026[PACIENTE],BASE_PACIENTES_2026[MÓDULO],0,0) -> REHAB.INTENSIVO + CAI | E118: T.T | F118: Fono | G118: 1 | H118: GOMEZ Agustina Daniela | I118: Miercoles | J118: 0.79166667 | K118: R.1 | L118: =+carga[[#This Row],[dia]] -> Miercoles | M118: =+carga[[#This Row],[hora]] -> 0.79166667 | U118: =+MID(carga[[#This Row],[CUIL]],4,8) -> 57739677
A119: MURUA JOAQUIN YUTIEL | B119: =+_xlfn.XLOOKUP(carga[[#This Row],[PACIENTE]],BASE_PACIENTES_2026[PACIENTE],BASE_PACIENTES_2026[CUIL],0,0) -> 20 52230235 0 | C119: =+_xlfn.XLOOKUP(carga[[#This Row],[PACIENTE]],BASE_PACIENTES_2026[PACIENTE],BASE_PACIENTES_2026[O. SOCIAL],0,0) -> OSPIC | D119: =+_xlfn.XLOOKUP(carga[[#This Row],[PACIENTE]],BASE_PACIENTES_2026[PACIENTE],BASE_PACIENTES_2026[MÓDULO],0,0) -> REHAB.INTENSIVO | E119: T.T | F119: Fono | G119: 1 | H119: PETANAS Sofia Milagros | I119: Jueves | J119: 0.67708333 | K119: R.5 | L119: =+carga[[#This Row],[dia]] -> Jueves | M119: =+carga[[#This Row],[hora]] -> 0.67708333 | U119: =+MID(carga[[#This Row],[CUIL]],4,8) -> 52230235
A120: DALIOLI SANTOS EXEQUIEL | B120: =+_xlfn.XLOOKUP(carga[[#This Row],[PACIENTE]],BASE_PACIENTES_2026[PACIENTE],BASE_PACIENTES_2026[CUIL],0,0) -> 20 53733070 9 | C120: =+_xlfn.XLOOKUP(carga[[#This Row],[PACIENTE]],BASE_PACIENTES_2026[PACIENTE],BASE_PACIENTES_2026[O. SOCIAL],0,0) -> OSTACC | D120: =+_xlfn.XLOOKUP(carga[[#This Row],[PACIENTE]],BASE_PACIENTES_2026[PACIENTE],BASE_PACIENTES_2026[MÓDULO],0,0) -> REHAB. SIMPLE + CAI | E120: T.M | F120: Psico | G120: 1 | H120: de MEDEIROS Micaela | I120: Lunes | J120: 0.39583333 | K120: R.14 | L120: =+carga[[#This Row],[dia]] -> Lunes | M120: =+carga[[#This Row],[hora]] -> 0.39583333 | U120: =+MID(carga[[#This Row],[CUIL]],4,8) -> 53733070
A121: OLIVARES LUNA APRIL BELEN | B121: =+_xlfn.XLOOKUP(carga[[#This Row],[PACIENTE]],BASE_PACIENTES_2026[PACIENTE],BASE_PACIENTES_2026[CUIL],0,0) -> 27 95240834 3 | C121: =+_xlfn.XLOOKUP(carga[[#This Row],[PACIENTE]],BASE_PACIENTES_2026[PACIENTE],BASE_PACIENTES_2026[O. SOCIAL],0,0) -> OSUTHGRA | D121: =+_xlfn.XLOOKUP(carga[[#This Row],[PACIENTE]],BASE_PACIENTES_2026[PACIENTE],BASE_PACIENTES_2026[MÓDULO],0,0) -> REHAB. SIMPLE + CAI | E121: T.T | F121: Fono | G121: 1 | H121: CASTRO Lucia Macarena | I121: Jueves | J121: 0.79166667 | K121: R.3 | P121: cambio a aprtir de18/06 antes era Giraudo | U121: =+MID(carga[[#This Row],[CUIL]],4,8) -> 95240834
A122: LOPEZ JOAQUIN ABEL | B122: =+_xlfn.XLOOKUP(carga[[#This Row],[PACIENTE]],BASE_PACIENTES_2026[PACIENTE],BASE_PACIENTES_2026[CUIL],0,0) -> 23 55007536 9 | C122: =+_xlfn.XLOOKUP(carga[[#This Row],[PACIENTE]],BASE_PACIENTES_2026[PACIENTE],BASE_PACIENTES_2026[O. SOCIAL],0,0) -> OSPEJ | D122: =+_xlfn.XLOOKUP(carga[[#This Row],[PACIENTE]],BASE_PACIENTES_2026[PACIENTE],BASE_PACIENTES_2026[MÓDULO],0,0) -> REHAB.INTENSIVO + CAI | E122: T.T | F122: Fono | G122: 1 | H122: BARRIA VAZQUEZ Luciana ALicia | I122: Jueves | J122: 0.76041667 | K122: R.10 | L122: =+carga[[#This Row],[dia]] -> Jueves | M122: =+carga[[#This Row],[hora]] -> 0.76041667 | P122: cambia a partir de 18/6 antes era Giraudo | U122: =+MID(carga[[#This Row],[CUIL]],4,8) -> 55007536
A123: NIETO ROMERO JEREMIAS JULIAN | B123: =+_xlfn.XLOOKUP(carga[[#This Row],[PACIENTE]],BASE_PACIENTES_2026[PACIENTE],BASE_PACIENTES_2026[CUIL],0,0) -> 20 56059836 0 | C123: =+_xlfn.XLOOKUP(carga[[#This Row],[PACIENTE]],BASE_PACIENTES_2026[PACIENTE],BASE_PACIENTES_2026[O. SOCIAL],0,0) -> OSPJTAP | D123: =+_xlfn.XLOOKUP(carga[[#This Row],[PACIENTE]],BASE_PACIENTES_2026[PACIENTE],BASE_PACIENTES_2026[MÓDULO],0,0) -> REHAB.INTENSIVO + CAI | E123: T.T | F123: Fono | G123: 1 | H123: GIMENEZ Agustina | I123: Lunes | J123: 0.61458333 | K123: R.6 | L123: =+carga[[#This Row],[dia]] -> Lunes | M123: =+carga[[#This Row],[hora]] -> 0.61458333 | U123: =+MID(carga[[#This Row],[CUIL]],4,8) -> 56059836
A124: RODRIGUEZ MANGIAUT MATEO JOAQUIN | B124: =+_xlfn.XLOOKUP(carga[[#This Row],[PACIENTE]],BASE_PACIENTES_2026[PACIENTE],BASE_PACIENTES_2026[CUIL],0,0) -> 20 53077831 3 | C124: =+_xlfn.XLOOKUP(carga[[#This Row],[PACIENTE]],BASE_PACIENTES_2026[PACIENTE],BASE_PACIENTES_2026[O. SOCIAL],0,0) -> OSPEJ | D124: =+_xlfn.XLOOKUP(carga[[#This Row],[PACIENTE]],BASE_PACIENTES_2026[PACIENTE],BASE_PACIENTES_2026[MÓDULO],0,0) -> REHAB.INTENSIVO + CAI | E124: T.T | F124: Fono | G124: 1 | H124: GIMENEZ Agustina | I124: Lunes | J124: 0.64583333 | K124: R.6 | U124: =+MID(carga[[#This Row],[CUIL]],4,8) -> 53077831
A125: CORDOBA MAMANI NOAH DALMIRO | B125: =+_xlfn.XLOOKUP(carga[[#This Row],[PACIENTE]],BASE_PACIENTES_2026[PACIENTE],BASE_PACIENTES_2026[CUIL],0,0) -> 23 56979703 9 | C125: =+_xlfn.XLOOKUP(carga[[#This Row],[PACIENTE]],BASE_PACIENTES_2026[PACIENTE],BASE_PACIENTES_2026[O. SOCIAL],0,0) -> OSPJTAP | D125: =+_xlfn.XLOOKUP(carga[[#This Row],[PACIENTE]],BASE_PACIENTES_2026[PACIENTE],BASE_PACIENTES_2026[MÓDULO],0,0) -> REHAB.INTENSIVO + CAI | E125: T.T | F125: Fono | G125: 1 | H125: GIMENEZ Agustina | I125: Lunes | J125: 0.67708333 | K125: R.6 | L125: =+carga[[#This Row],[dia]] -> Lunes | M125: =+carga[[#This Row],[hora]] -> 0.67708333 | U125: =+MID(carga[[#This Row],[CUIL]],4,8) -> 56979703
A126: DESIMONE CAMILO AGUSTIN | B126: =+_xlfn.XLOOKUP(carga[[#This Row],[PACIENTE]],BASE_PACIENTES_2026[PACIENTE],BASE_PACIENTES_2026[CUIL],0,0) -> 20 51202720 3 | C126: =+_xlfn.XLOOKUP(carga[[#This Row],[PACIENTE]],BASE_PACIENTES_2026[PACIENTE],BASE_PACIENTES_2026[O. SOCIAL],0,0) -> OSMTT(SERVIRED) | D126: =+_xlfn.XLOOKUP(carga[[#This Row],[PACIENTE]],BASE_PACIENTES_2026[PACIENTE],BASE_PACIENTES_2026[MÓDULO],0,0) -> REHAB. SIMPLE + CAI | E126: T.T | F126: Fono | G126: 1 | H126: GOMEZ Agustina Daniela | I126: Lunes | J126: 0.72916667 | K126: R.1 | L126: =+carga[[#This Row],[dia]] -> Lunes | M126: =+carga[[#This Row],[hora]] -> 0.72916667 | U126: =+MID(carga[[#This Row],[CUIL]],4,8) -> 51202720
A127: MOREIRA TOMAS | B127: =+_xlfn.XLOOKUP(carga[[#This Row],[PACIENTE]],BASE_PACIENTES_2026[PACIENTE],BASE_PACIENTES_2026[CUIL],0,0) -> 20 52866852 7 | C127: =+_xlfn.XLOOKUP(carga[[#This Row],[PACIENTE]],BASE_PACIENTES_2026[PACIENTE],BASE_PACIENTES_2026[O. SOCIAL],0,0) -> OSPEJ | D127: =+_xlfn.XLOOKUP(carga[[#This Row],[PACIENTE]],BASE_PACIENTES_2026[PACIENTE],BASE_PACIENTES_2026[MÓDULO],0,0) -> REHAB. SIMPLE + CAI | E127: T.T | F127: Fono | G127: 1 | H127: GIMENEZ Agustina | I127: Lunes | J127: 0.76041667 | K127: R.6 | L127: =+carga[[#This Row],[dia]] -> Lunes | M127: =+carga[[#This Row],[hora]] -> 0.76041667 | U127: =+MID(carga[[#This Row],[CUIL]],4,8) -> 52866852
A128: OCAÑO ALONSO MARTINA | B128: =+_xlfn.XLOOKUP(carga[[#This Row],[PACIENTE]],BASE_PACIENTES_2026[PACIENTE],BASE_PACIENTES_2026[CUIL],0,0) -> 27 56764989 5 | C128: =+_xlfn.XLOOKUP(carga[[#This Row],[PACIENTE]],BASE_PACIENTES_2026[PACIENTE],BASE_PACIENTES_2026[O. SOCIAL],0,0) -> OSSURRBAC | D128: =+_xlfn.XLOOKUP(carga[[#This Row],[PACIENTE]],BASE_PACIENTES_2026[PACIENTE],BASE_PACIENTES_2026[MÓDULO],0,0) -> REHAB.INTENSIVO | E128: T.T | F128: Fono | G128: 1 | H128: GIMENEZ Agustina | I128: Lunes | J128: 0.79166667 | K128: R.6 | L128: =+carga[[#This Row],[dia]] -> Lunes | M128: =+carga[[#This Row],[hora]] -> 0.79166667 | U128: =+MID(carga[[#This Row],[CUIL]],4,8) -> 56764989
A129: CAMPOS AMBAR AILIN | B129: =+_xlfn.XLOOKUP(carga[[#This Row],[PACIENTE]],BASE_PACIENTES_2026[PACIENTE],BASE_PACIENTES_2026[CUIL],0,0) -> 27 56761456 0 | C129: =+_xlfn.XLOOKUP(carga[[#This Row],[PACIENTE]],BASE_PACIENTES_2026[PACIENTE],BASE_PACIENTES_2026[O. SOCIAL],0,0) -> OSSOELSAC | D129: =+_xlfn.XLOOKUP(carga[[#This Row],[PACIENTE]],BASE_PACIENTES_2026[PACIENTE],BASE_PACIENTES_2026[MÓDULO],0,0) -> REHAB.INTENSIVO + CAI | E129: T.T | F129: Fono | G129: 1 | H129: CASTRO Lucia Macarena | I129: Lunes | J129: 0.67708333 | K129: R.3 | L129: =+carga[[#This Row],[dia]] -> Lunes | M129: =+carga[[#This Row],[hora]] -> 0.67708333 | U129: =+MID(carga[[#This Row],[CUIL]],4,8) -> 56761456
A130: RODRIGUEZ MANGIAUT MATEO JOAQUIN | B130: =+_xlfn.XLOOKUP(carga[[#This Row],[PACIENTE]],BASE_PACIENTES_2026[PACIENTE],BASE_PACIENTES_2026[CUIL],0,0) -> 20 53077831 3 | C130: =+_xlfn.XLOOKUP(carga[[#This Row],[PACIENTE]],BASE_PACIENTES_2026[PACIENTE],BASE_PACIENTES_2026[O. SOCIAL],0,0) -> OSPEJ | D130: =+_xlfn.XLOOKUP(carga[[#This Row],[PACIENTE]],BASE_PACIENTES_2026[PACIENTE],BASE_PACIENTES_2026[MÓDULO],0,0) -> REHAB.INTENSIVO + CAI | E130: T.T | F130: Fono | G130: 1 | H130: GIMENEZ Agustina | I130: Miercoles | J130: 0.61458333 | K130: R.6 | L130: =+carga[[#This Row],[dia]] -> Miercoles | M130: =+carga[[#This Row],[hora]] -> 0.61458333 | U130: =+MID(carga[[#This Row],[CUIL]],4,8) -> 53077831
A131: CAMPOS LUNA ESTEFANIA | B131: =+_xlfn.XLOOKUP(carga[[#This Row],[PACIENTE]],BASE_PACIENTES_2026[PACIENTE],BASE_PACIENTES_2026[CUIL],0,0) -> 27 50938211 0 | C131: =+_xlfn.XLOOKUP(carga[[#This Row],[PACIENTE]],BASE_PACIENTES_2026[PACIENTE],BASE_PACIENTES_2026[O. SOCIAL],0,0) -> OSSOELSAC | D131: =+_xlfn.XLOOKUP(carga[[#This Row],[PACIENTE]],BASE_PACIENTES_2026[PACIENTE],BASE_PACIENTES_2026[MÓDULO],0,0) -> REHAB.INTENSIVO + CAI | E131: T.T | F131: Fono | G131: 1 | H131: CASTRO Lucia Macarena | I131: Miercoles | J131: 0.67708333 | K131: R.3 | L131: =+carga[[#This Row],[dia]] -> Miercoles | M131: =+carga[[#This Row],[hora]] -> 0.67708333 | U131: =+MID(carga[[#This Row],[CUIL]],4,8) -> 50938211
A132: CORDOBA MAMANI NOAH DALMIRO | B132: =+_xlfn.XLOOKUP(carga[[#This Row],[PACIENTE]],BASE_PACIENTES_2026[PACIENTE],BASE_PACIENTES_2026[CUIL],0,0) -> 23 56979703 9 | C132: =+_xlfn.XLOOKUP(carga[[#This Row],[PACIENTE]],BASE_PACIENTES_2026[PACIENTE],BASE_PACIENTES_2026[O. SOCIAL],0,0) -> OSPJTAP | D132: =+_xlfn.XLOOKUP(carga[[#This Row],[PACIENTE]],BASE_PACIENTES_2026[PACIENTE],BASE_PACIENTES_2026[MÓDULO],0,0) -> REHAB.INTENSIVO + CAI | E132: T.T | F132: Fono | G132: 1 | H132: GIMENEZ Agustina | I132: Miercoles | J132: 0.67708333 | K132: R.6 | L132: =+carga[[#This Row],[dia]] -> Miercoles | M132: =+carga[[#This Row],[hora]] -> 0.67708333 | U132: =+MID(carga[[#This Row],[CUIL]],4,8) -> 56979703
A133: AGUIRRE FRANCISCO SIMON | B133: =+_xlfn.XLOOKUP(carga[[#This Row],[PACIENTE]],BASE_PACIENTES_2026[PACIENTE],BASE_PACIENTES_2026[CUIL],0,0) -> 20 50594826 3 | C133: =+_xlfn.XLOOKUP(carga[[#This Row],[PACIENTE]],BASE_PACIENTES_2026[PACIENTE],BASE_PACIENTES_2026[O. SOCIAL],0,0) -> OSUTHGRA | D133: =+_xlfn.XLOOKUP(carga[[#This Row],[PACIENTE]],BASE_PACIENTES_2026[PACIENTE],BASE_PACIENTES_2026[MÓDULO],0,0) -> REHAB.INTENSIVO | E133: T.T | F133: Fono | G133: 1 | H133: GIMENEZ Agustina | I133: Miercoles | J133: 0.72916667 | K133: R.6 | L133: =+carga[[#This Row],[dia]] -> Miercoles | M133: =+carga[[#This Row],[hora]] -> 0.72916667 | U133: =+MID(carga[[#This Row],[CUIL]],4,8) -> 50594826
A134: MATASSI TULIO ALEJANDRO | B134: =+_xlfn.XLOOKUP(carga[[#This Row],[PACIENTE]],BASE_PACIENTES_2026[PACIENTE],BASE_PACIENTES_2026[CUIL],0,0) -> 20 54476419 6 | C134: =+_xlfn.XLOOKUP(carga[[#This Row],[PACIENTE]],BASE_PACIENTES_2026[PACIENTE],BASE_PACIENTES_2026[O. SOCIAL],0,0) -> OSUTHGRA | D134: =+_xlfn.XLOOKUP(carga[[#This Row],[PACIENTE]],BASE_PACIENTES_2026[PACIENTE],BASE_PACIENTES_2026[MÓDULO],0,0) -> REHAB.INTENSIVO + CAI | E134: T.T | F134: Fono | G134: 1 | H134: GIMENEZ Agustina | I134: Miercoles | J134: 0.76041667 | K134: R.6 | L134: =+carga[[#This Row],[dia]] -> Miercoles | M134: =+carga[[#This Row],[hora]] -> 0.76041667 | U134: =+MID(carga[[#This Row],[CUIL]],4,8) -> 54476419
A135: PEREYRA LAUTARO SAMUEL | B135: =+_xlfn.XLOOKUP(carga[[#This Row],[PACIENTE]],BASE_PACIENTES_2026[PACIENTE],BASE_PACIENTES_2026[CUIL],0,0) -> 20 54014687 0 | C135: =+_xlfn.XLOOKUP(carga[[#This Row],[PACIENTE]],BASE_PACIENTES_2026[PACIENTE],BASE_PACIENTES_2026[O. SOCIAL],0,0) -> OSTACC | D135: =+_xlfn.XLOOKUP(carga[[#This Row],[PACIENTE]],BASE_PACIENTES_2026[PACIENTE],BASE_PACIENTES_2026[MÓDULO],0,0) -> REHAB.INTENSIVO + CAI | E135: T.T | F135: Fono | G135: 1 | H135: PETANAS Sofia Milagros | I135: Miercoles | J135: 0.67708333 | K135: R.5 | L135: =+carga[[#This Row],[dia]] -> Miercoles | M135: =+carga[[#This Row],[hora]] -> 0.67708333 | U135: =+MID(carga[[#This Row],[CUIL]],4,8) -> 54014687
A136: LUDUEÑA PERALTA LUCIANO MATEO | B136: =+_xlfn.XLOOKUP(carga[[#This Row],[PACIENTE]],BASE_PACIENTES_2026[PACIENTE],BASE_PACIENTES_2026[CUIL],0,0) -> 20 56762045 0 | C136: =+_xlfn.XLOOKUP(carga[[#This Row],[PACIENTE]],BASE_PACIENTES_2026[PACIENTE],BASE_PACIENTES_2026[O. SOCIAL],0,0) -> OSPENA | D136: =+_xlfn.XLOOKUP(carga[[#This Row],[PACIENTE]],BASE_PACIENTES_2026[PACIENTE],BASE_PACIENTES_2026[MÓDULO],0,0) -> REHAB.INTENSIVO + CAI | E136: T.T | F136: Fono | G136: 1 | H136: GIMENEZ Agustina | I136: Miercoles | J136: 0.79166667 | K136: R.6 | L136: =+carga[[#This Row],[dia]] -> Miercoles | M136: =+carga[[#This Row],[hora]] -> 0.79166667 | U136: =+MID(carga[[#This Row],[CUIL]],4,8) -> 56762045
... A164: SALGADO FRANCISCO | B164: =+_xlfn.XLOOKUP(carga[[#This Row],[PACIENTE]],BASE_PACIENTES_2026[PACIENTE],BASE_PACIENTES_2026[CUIL],0,0) -> 0 | C164: =+_xlfn.XLOOKUP(carga[[#This Row],[PACIENTE]],BASE_PACIENTES_2026[PACIENTE],BASE_PACIENTES_2026[O. SOCIAL],0,0) -> 0 | D164: =+_xlfn.XLOOKUP(carga[[#This Row],[PACIENTE]],BASE_PACIENTES_2026[PACIENTE],BASE_PACIENTES_2026[MÓDULO],0,0) -> 0 | E164: T.T | F164: Fono | G164: 1 | H164: PAPA ARTERO Eimi Luhué | I164: Lunes | J164: 0.61458333 | K164: R.15 | L164: =+carga[[#This Row],[dia]] -> Lunes | M164: =+carga[[#This Row],[hora]] -> 0.61458333 | U164: =+MID(carga[[#This Row],[CUIL]],4,8)
A165: CABEZA LUCERO FELIPE | B165: =+_xlfn.XLOOKUP(carga[[#This Row],[PACIENTE]],BASE_PACIENTES_2026[PACIENTE],BASE_PACIENTES_2026[CUIL],0,0) -> 0 | C165: =+_xlfn.XLOOKUP(carga[[#This Row],[PACIENTE]],BASE_PACIENTES_2026[PACIENTE],BASE_PACIENTES_2026[O. SOCIAL],0,0) -> IOSFA | D165: =+_xlfn.XLOOKUP(carga[[#This Row],[PACIENTE]],BASE_PACIENTES_2026[PACIENTE],BASE_PACIENTES_2026[MÓDULO],0,0) -> 0 | E165: T.T | F165: Fono | G165: 1 | H165: GOMEZ Agustina Daniela | I165: Lunes | J165: 0.58333333 | K165: R.4 | L165: =+carga[[#This Row],[dia]] -> Lunes | M165: =+carga[[#This Row],[hora]] -> 0.58333333 | N165: PENDIENTE | U165: =+MID(carga[[#This Row],[CUIL]],4,8)
A166: HEREDIA MAMANI THIAGO EMANUEL | B166: =+_xlfn.XLOOKUP(carga[[#This Row],[PACIENTE]],BASE_PACIENTES_2026[PACIENTE],BASE_PACIENTES_2026[CUIL],0,0) -> 20 50937626 4 | C166: =+_xlfn.XLOOKUP(carga[[#This Row],[PACIENTE]],BASE_PACIENTES_2026[PACIENTE],BASE_PACIENTES_2026[O. SOCIAL],0,0) -> OSUTHGRA | D166: =+_xlfn.XLOOKUP(carga[[#This Row],[PACIENTE]],BASE_PACIENTES_2026[PACIENTE],BASE_PACIENTES_2026[MÓDULO],0,0) -> REHAB.INTENSIVO | E166: T.M | F166: Fono | G166: 1 | H166: GIRAUDO MILAGROS VIRGINIA | I166: Jueves | J166: 0.44791667 | K166: R.16 | L166: =+carga[[#This Row],[dia]] -> Jueves | M166: =+carga[[#This Row],[hora]] -> 0.44791667 | U166: =+MID(carga[[#This Row],[CUIL]],4,8) -> 50937626
A167: CAMPOS MATEO LAUTARO | B167: =+_xlfn.XLOOKUP(carga[[#This Row],[PACIENTE]],BASE_PACIENTES_2026[PACIENTE],BASE_PACIENTES_2026[CUIL],0,0) -> 23 57740795 9 | C167: =+_xlfn.XLOOKUP(carga[[#This Row],[PACIENTE]],BASE_PACIENTES_2026[PACIENTE],BASE_PACIENTES_2026[O. SOCIAL],0,0) -> OSPAV | D167: =+_xlfn.XLOOKUP(carga[[#This Row],[PACIENTE]],BASE_PACIENTES_2026[PACIENTE],BASE_PACIENTES_2026[MÓDULO],0,0) -> REHAB.INTENSIVO + CAI | E167: T.M | F167: Fono | G167: 1 | H167: GIRAUDO MILAGROS VIRGINIA | I167: Jueves | J167: 0.47916667 | K167: R.16 | L167: =+carga[[#This Row],[dia]] -> Jueves | M167: =+carga[[#This Row],[hora]] -> 0.47916667 | U167: =+MID(carga[[#This Row],[CUIL]],4,8) -> 57740795
A168: CARNERO ESMERALDA | B168: =+_xlfn.XLOOKUP(carga[[#This Row],[PACIENTE]],BASE_PACIENTES_2026[PACIENTE],BASE_PACIENTES_2026[CUIL],0,0) -> 27 58587689 0 | C168: =+_xlfn.XLOOKUP(carga[[#This Row],[PACIENTE]],BASE_PACIENTES_2026[PACIENTE],BASE_PACIENTES_2026[O. SOCIAL],0,0) -> OSCEP (SIPSSA) | D168: =+_xlfn.XLOOKUP(carga[[#This Row],[PACIENTE]],BASE_PACIENTES_2026[PACIENTE],BASE_PACIENTES_2026[MÓDULO],0,0) -> REHAB.INTENSIVO + CAI | E168: T.M | F168: Fono | G168: 1 | H168: GIRAUDO MILAGROS VIRGINIA | I168: Jueves | J168: 0.51041667 | K168: R.16 | L168: =+carga[[#This Row],[dia]] -> Jueves | M168: =+carga[[#This Row],[hora]] -> 0.51041667 | U168: =+MID(carga[[#This Row],[CUIL]],4,8) -> 58587689
...

Sheet TURNERO T. MAÑANA
D6: turno | E6: (Varios elementos)
D8: TURNERO PROFESIONAL | H8: dia
D9: HORARIO | E9: PROFESIONAL | F9: SERVICIO | G9: PACIENTE | H9: Lunes | I9: Miercoles | J9: Viernes
D10: 0.44791667 | E10: FERREYRA Jennifer Magali | F10: Psicomotricidad | G10: HEREDIA BAUTISTA SAMUEL | H10: ----- | I10: ----- | J10: 1
D11: 0.44791667 | E11: FERREYRA Jennifer Magali | F11: Psicomotricidad | G11: ESQUIVEL ALVARO SAMUEL | H11: 1 | I11: 1 | J11: -----
D12: 0.47916667 | E12: FERREYRA Jennifer Magali | F12: Psicomotricidad | G12: ALMADA MARTINEZ BAUTISTA BENJAMIN | H12: 1 | I12: ----- | J12: -----
D13: 0.47916667 | E13: FERREYRA Jennifer Magali | F13: Psicomotricidad | G13: FERNADEZ THIAGO | H13: ----- | I13: 1 | J13: 1

Sheet TURNERO T. TARDE
D6: turno | E6: T.T
D8: TURNERO PROFESIONAL | H8: dia
D9: HORARIO | E9: PROFESIONAL | F9: SERVICIO | G9: PACIENTE

Sheet LISTADOS
B2: Pacientes | D2: Profesionales | E2: Especialidad | G2: Servicios | I2: Horarios | K2: Dias | M2: Modulos | O2: OBRAS SOCIALES | U2: Pacientes | W2: ACCION
B3: {=+_xlfn._xlws.SORT(_xlfn.UNIQUE(BASE_PACIENTES_2026[PACIENTE]),1,1)} -> ABENTE BENJAMIN NICOLAS | D3: {=+_xlfn._xlws.SORT(_xlfn.UNIQUE(tbl_Horarios[Apellido y Nombre]),1,1)} | E3: =+IFERROR(VLOOKUP(D3,HORARIOS!A:B,2,0),"") -> 0 | G3: Fono | I3: 0.33333333 | K3: Lunes | M3: SIMPLE | O3: APROSS | S3: CONSULTORIOS | U3: {=+_xlfn.UNIQUE(carga[PACIENTE])} -> MOYANO SANTINO LEONEL | V3: =+VLOOKUP(U3,carga[[PACIENTE]:[TURNO]],5,0) -> T.T | W3: ALTA
B4: ACOSTA CELESTE SOLEDAD | D4: ALMADA Luciana | E4: =+IFERROR(VLOOKUP(D4,HORARIOS!A:B,2,0),"") -> Psicomotricidad | G4: TO | I4: 0.36458333 | K4: Martes | M4: INTENSIVO | O4: CAJA DE SANTA CRUZ (GEA 310) | Q4: R. | R4: 1 | S4: =+CONCATENATE(Q4,R4) -> R.1 | U4: ALANIS GINA | V4: =+VLOOKUP(U4,carga[[PACIENTE]:[TURNO]],5,0) -> T.T | W4: BAJA
B5: AGUERO TEVEZ JULIANA | D5: ANSELMI Juliana Lourdes | E5: =+IFERROR(VLOOKUP(D5,HORARIOS!A:B,2,0),"") -> Psicopedagogia | G5: Psm | I5: 0.39583333 | K5: Miercoles | M5: SIMPLE + CAI | O5: GEA PREPAGA | Q5: R. | R5: 1B | S5: =+CONCATENATE(Q5,R5) -> R.1B | U5: FIGUEROA IVAN PEDRO | V5: =+VLOOKUP(U5,carga[[PACIENTE]:[TURNO]],5,0) -> T.T | W5: MODIFICACION
B6: AGUIRRE ALEX ANDRES | D6: ARANDA Karina Alejandra | E6: =+IFERROR(VLOOKUP(D6,HORARIOS!A:B,2,0),"") -> Kinesiologia | G6: Kine | I6: 0.44791667 | K6: Jueves | M6: INTENSIVO +CAI | O6: IOSFA | Q6: R. | R6: 2 | S6: =+CONCATENATE(Q6,R6) -> R.2 | U6: PERALTA ISAAC | V6: =+VLOOKUP(U6,carga[[PACIENTE]:[TURNO]],5,0) -> T.T | W6: PENDIENTE
B7: AGUIRRE FRANCISCO SIMON | D7: ARMOA Andrea Celeste | E7: =+IFERROR(VLOOKUP(D7,HORARIOS!A:B,2,0),"") -> Fonoaudiologia | G7: Psico | I7: 0.47916667 | K7: Viernes | M7: CAI | O7: OMINT | Q7: R. | R7: 3 | S7: =+CONCATENATE(Q7,R7) -> R.3 | U7: CORNEJO SAMIENTA FACUNDO NICOLAS | V7: =+VLOOKUP(U7,carga[[PACIENTE]:[TURNO]],5,0) -> T.T
B8: AGUIRRE LEVY UNAY | D8: BARRIA VAZQUEZ Luciana ALicia | E8: =+IFERROR(VLOOKUP(D8,HORARIOS!A:B,2,0),"") -> Fonoaudiologia | G8: Psp | I8: 0.51041667 | M8: PSICO + CAI | O8: OSADEF | Q8: R. | R8: 4 | S8: =+CONCATENATE(Q8,R8) -> R.4 | U8: GOMEZ SANTIAGO BENJAMIN | V8: =+VLOOKUP(U8,carga[[PACIENTE]:[TURNO]],5,0) -> T.M
B9: AGUIRRE VILLAMIZAR OLIVER JOSE | D9: BASUALDO Candela Ariadna | E9: =+IFERROR(VLOOKUP(D9,HORARIOS!A:B,2,0),"") -> Psicopedagogia | G9: Psp Cai | I9: 0.54166667 | O9: OSBLYCA (SERVIRED) | Q9: R. | R9: 5 | S9: =+CONCATENATE(Q9,R9) -> R.5 | U9: DESIMONE LUZ JAZMIN | V9: =+VLOOKUP(U9,carga[[PACIENTE]:[TURNO]],5,0) -> T.T
B10: ALANIS GINA | D10: BENEDETTO Andres Esteban | E10: =+IFERROR(VLOOKUP(D10,HORARIOS!A:B,2,0),"") -> Psicologia | G10: Psico Fliar | I10: 0.58333333 | O10: OSCE (CERAMISTAS) | Q10: R. | R10: 6 | S10: =+CONCATENATE(Q10,R10) -> R.6 | U10: FURTADO JUAN JOSE | V10: =+VLOOKUP(U10,carga[[PACIENTE]:[TURNO]],5,0) -> T.T
B11: ALAVAR BRIAN ANTONY | D11: CASTAGNO Melina Eliana | E11: =+IFERROR(VLOOKUP(D11,HORARIOS!A:B,2,0),"") -> Terapia Ocupacional | G11: Psico Cai | I11: 0.61458333 | O11: SIPSSA (OSCEP) | Q11: R. | R11: 7 | S11: =+CONCATENATE(Q11,R11) -> R.7 | U11: MOYA BRUNO CALIXTO | V11: =+VLOOKUP(U11,carga[[PACIENTE]:[TURNO]],5,0) -> T.T
B12: ALDERETE LIAN ALEJANDRO | D12: CASTRO Lucia Macarena | E12: =+IFERROR(VLOOKUP(D12,HORARIOS!A:B,2,0),"") -> Fonoaudiologia | G12: Fono Pami | I12: 0.64583333 | O12: OSDE | Q12: R. | R12: TO | S12: =+CONCATENATE(Q12,R12) -> R.TO | U12: VIVANCO CABRERA MATEO JOAQUIN | V12: =+VLOOKUP(U12,carga[[PACIENTE]:[TURNO]],5,0) -> T.T
B13: ALMADA EZCURRA SOFIA | D13: CHIESA Gisella Erica Roxana | E13: =+IFERROR(VLOOKUP(D13,HORARIOS!A:B,2,0),"") -> Psicologia | G13: Psico Pami | I13: 0.67708333 | O13: OSECAC | Q13: R. | R13: Trab. Social | S13: =+CONCATENATE(Q13,R13) -> R.Trab. Social | U13: SUAREZ CELESTE ABRIL | V13: =+VLOOKUP(U13,carga[[PACIENTE]:[TURNO]],5,0) -> T.T
B14: ALMADA MARTINEZ BAUTISTA BENJAMIN | D14: COLINA Gloria Sofia | E14: =+IFERROR(VLOOKUP(D14,HORARIOS!A:B,2,0),"") -> Terapia Ocupacional | I14: 0.72916667 | O14: OSEIV | Q14: R. | R14: 10 | S14: =+CONCATENATE(Q14,R14) -> R.10 | U14: AGUIRRE VILLAMIZAR OLIVER JOSE | V14: =+VLOOKUP(U14,carga[[PACIENTE]:[TURNO]],5,0) -> T.T
B15: AMAYA TADEO BENJAMIN | D15: CONDORI Jose Hugo | E15: =+IFERROR(VLOOKUP(D15,HORARIOS!A:B,2,0),"") -> Kinesiologia | I15: 0.76041667 | O15: OSETYA (EMPLEADOS TEXTILES) | Q15: R. | R15: 11 | S15: =+CONCATENATE(Q15,R15) -> R.11 | U15: MACHADO VIDELA BENJAMIN FRANCESCO | V15: =+VLOOKUP(U15,carga[[PACIENTE]:[TURNO]],5,0) -> T.T
B16: ANASTASIA STELLA MARIS | D16: CORTEZ Carolina Anahi | E16: =+IFERROR(VLOOKUP(D16,HORARIOS!A:B,2,0),"") -> Psicopedagogia | I16: 0.79166667 | O16: OSCEARA | Q16: R. | R16: 12 | S16: =+CONCATENATE(Q16,R16) -> R.12 | U16: 0 | V16: =+VLOOKUP(U16,carga[[PACIENTE]:[TURNO]],5,0) -> #N/A
B17: ANTEZANA ESCOBAR THIAGO LUIS | D17: CRIADO Sabrina Tamara | E17: =+IFERROR(VLOOKUP(D17,HORARIOS!A:B,2,0),"") -> Psicomotricidad | O17: OSFE | Q17: R. | R17: 13 | S17: =+CONCATENATE(Q17,R17) -> R.13 | U17: BETOLLI CATALINA | V17: =+VLOOKUP(U17,carga[[PACIENTE]:[TURNO]],5,0) -> T.M
B18: ARCE BENICIO | D18: CUELLO Florencia Patricia | E18: =+IFERROR(VLOOKUP(D18,HORARIOS!A:B,2,0),"") -> Psicologia | O18: OSMATA | Q18: R. | R18: 14 | S18: =+CONCATENATE(Q18,R18) -> R.14 | U18: CATRAMBONI FABRIZZIO FRANCESCO | V18: =+VLOOKUP(U18,carga[[PACIENTE]:[TURNO]],5,0) -> T.T
B19: ARGUELLO THOMAS ALEJO | D19: de MEDEIROS Micaela | E19: =+IFERROR(VLOOKUP(D19,HORARIOS!A:B,2,0),"") -> Psicologia | O19: OSME (UNIMED) | Q19: R. | R19: 15 | S19: =+CONCATENATE(Q19,R19) -> R.15 | U19: REYES FERREYRA AIXA YAZMIN | V19: =+VLOOKUP(U19,carga[[PACIENTE]:[TURNO]],5,0) -> T.T
B20: ARRIETA BENJAMIN | D20: DIAZ NIEVAS Andrea Celeste | E20: =+IFERROR(VLOOKUP(D20,HORARIOS!A:B,2,0),"") -> Psicomotricidad | O20: OSMTT(SERVIRED) | Q20: R. | R20: 16 | S20: =+CONCATENATE(Q20,R20) -> R.16 | U20: OBREGON JAZMIN | V20: =+VLOOKUP(U20,carga[[PACIENTE]:[TURNO]],5,0) -> T.M
B21: ARROYO OSCAR ALFREDO | D21: DOMINGUEZ Mercedes Lorena | E21: =+IFERROR(VLOOKUP(D21,HORARIOS!A:B,2,0),"") -> Psicologia | O21: OSPATRONES | Q21: R. | R21: 17 | S21: =+CONCATENATE(Q21,R21) -> R.17 | U21: MATASSI TULIO ALEJANDRO | V21: =+VLOOKUP(U21,carga[[PACIENTE]:[TURNO]],5,0) -> T.T
B22: ASTUDILLO PABLO ISMAEL | D22: FERNANDEZ Maria Emilia | E22: =+IFERROR(VLOOKUP(D22,HORARIOS!A:B,2,0),"") -> Fonoaudiologia | O22: OSPAV | Q22: R. | R22: 18 | S22: =+CONCATENATE(Q22,R22) -> R.18 | U22: MONTENEGRO DEVRAN SAMUEL | V22: =+VLOOKUP(U22,carga[[PACIENTE]:[TURNO]],5,0) -> T.T
B23: AVACA MATEO BENJAMIN | D23: FERNANDEZ WOLFF Katerin | E23: =+IFERROR(VLOOKUP(D23,HORARIOS!A:B,2,0),"") -> Psicologia | O23: OSPE | Q23: R. | R23: 19 | S23: =+CONCATENATE(Q23,R23) -> R.19 | U23: PATAGUA THEO VALENTIN | V23: =+VLOOKUP(U23,carga[[PACIENTE]:[TURNO]],5,0) -> T.T
B24: AVALOS LAUTARO JOAQUÍN | D24: FERREYRA Jennifer Magali | E24: =+IFERROR(VLOOKUP(D24,HORARIOS!A:B,2,0),"") -> Psicomotricidad | O24: OSPAT | Q24: R. | R24: 20 Pami | S24: =+CONCATENATE(Q24,R24) -> R.20 Pami | U24: CUELLO VALENTINO ANDRES | V24: =+VLOOKUP(U24,carga[[PACIENTE]:[TURNO]],5,0) -> T.T
B25: BALTAZAR BERNAL ALISON | D25: FLEIDERMAN Paula | E25: =+IFERROR(VLOOKUP(D25,HORARIOS!A:B,2,0),"") -> Psicologia | O25: OSPEC | Q25: R. | R25: Estim. 1 | S25: =+CONCATENATE(Q25,R25) -> R.Estim. 1 | U25: DIDYCZ ESTRADA MALENA VALENTINA | V25: =+VLOOKUP(U25,carga[[PACIENTE]:[TURNO]],5,0) -> T.M
B26: BALTAZAR BERNAL ALISON BELEN | D26: GARCIA Nadia | E26: =+IFERROR(VLOOKUP(D26,HORARIOS!A:B,2,0),"") -> Psicopedagogia | O26: OSPECON | Q26: R. | R26: Estim. 2 | S26: =+CONCATENATE(Q26,R26) -> R.Estim. 2 | U26: CORNEJO ANDULCE POOL VALENTINO | V26: =+VLOOKUP(U26,carga[[PACIENTE]:[TURNO]],5,0) -> T.M
B27: BALTAZAR BERNAL HANNA MARTINA | D27: GIMENEZ Agustina | E27: =+IFERROR(VLOOKUP(D27,HORARIOS!A:B,2,0),"") -> Fonoaudiologia | O27: OSPECOR | Q27: R. | R27: Gimnasio | S27: =+CONCATENATE(Q27,R27) -> R.Gimnasio | U27: PAEZ FORMOSO LEON BENJAMIN | V27: =+VLOOKUP(U27,carga[[PACIENTE]:[TURNO]],5,0) -> T.M
B28: BALTAZAR BERNAL ISABELLA MILENA | D28: GIRAUDO MILAGROS VIRGINIA | E28: =+IFERROR(VLOOKUP(D28,HORARIOS!A:B,2,0),"") -> Fonoaudiologia | O28: OSPEJ | Q28: CAI. | R28: 1 | S28: =+CONCATENATE(Q28,R28) -> CAI.1 | U28: MARTINEZ TOMAS | V28: =+VLOOKUP(U28,carga[[PACIENTE]:[TURNO]],5,0) -> T.M
B29: BARRAZA FABRIZIO BENJAMÍN | D29: GOMEZ Agustina Daniela | E29: =+IFERROR(VLOOKUP(D29,HORARIOS!A:B,2,0),"") -> Fonoaudiologia | O29: OSPENA | Q29: CAI. | R29: 2 | S29: =+CONCATENATE(Q29,R29) -> CAI.2 | U29: FALCON MALENA AGUSTINA | V29: =+VLOOKUP(U29,carga[[PACIENTE]:[TURNO]],5,0) -> T.M
B30: BARRERA WALTER DANIEL | D30: GOMEZ MARTINA Carolina | E30: =+IFERROR(VLOOKUP(D30,HORARIOS!A:B,2,0),"") -> Psicomotricidad | O30: OSPES | Q30: CAI. | R30: 3 | S30: =+CONCATENATE(Q30,R30) -> CAI.3 | U30: PICHILINGUE ROMERO JUAN MARTIN | V30: =+VLOOKUP(U30,carga[[PACIENTE]:[TURNO]],5,0) -> T.M
B31: BARRIONUEVO ALAN EZEQUIEL | D31: HEREDIA LIZARAZU Lucia | E31: =+IFERROR(VLOOKUP(D31,HORARIOS!A:B,2,0),"") -> Psicomotricidad | O31: OSPIC | Q31: CAI. | R31: Recep. | S31: =+CONCATENATE(Q31,R31) -> CAI.Recep. | U31: LOPEZ SALAS LAUTARO MARTIN | V31: =+VLOOKUP(U31,carga[[PACIENTE]:[TURNO]],5,0) -> T.M
B32: BARRIONUEVO ZAIRA MAYLEN | D32: LAZO Ana Magdalena | E32: =+IFERROR(VLOOKUP(D32,HORARIOS!A:B,2,0),"") -> Fonoaudiologia | O32: OSPICAL | Q32: CAI. | R32: Escrit. 1 | S32: =+CONCATENATE(Q32,R32) -> CAI.Escrit. 1 | U32: PAZ CORDOBA BAUTISTA | V32: =+VLOOKUP(U32,carga[[PACIENTE]:[TURNO]],5,0) -> T.M
B33: BARRIOS RIVERO CAMILA ARIADNA | D33: LEMA Luz Candela | E33: =+IFERROR(VLOOKUP(D33,HORARIOS!A:B,2,0),"") -> Psicopedagogia | O33: OSPIM | Q33: CAI. | R33: Escrit. 2 | S33: =+CONCATENATE(Q33,R33) -> CAI.Escrit. 2 | U33: VIJARRA JOAQUIN EMILIANO | V33: =+VLOOKUP(U33,carga[[PACIENTE]:[TURNO]],5,0) -> T.T
B34: BAZAN LOPEZ THOMAS DAVID | D34: LORENZATTO Delfina Maria | E34: =+IFERROR(VLOOKUP(D34,HORARIOS!A:B,2,0),"") -> Psicomotricidad | O34: OSPJTAP | U34: HEREDIA JOAQUIN | V34: =+VLOOKUP(U34,carga[[PACIENTE]:[TURNO]],5,0) -> T.T
B35: BETTOLLI CATALINA | D35: MARTINEZ Lucas | E35: =+IFERROR(VLOOKUP(D35,HORARIOS!A:B,2,0),"") -> Kinesiologia | O35: OSPLAD | U35: GUTIERREZ OLAVE CRISTOBAL NICOLAS | V35: =+VLOOKUP(U35,carga[[PACIENTE]:[TURNO]],5,0) -> T.T
B36: BONZA VAZQUEZ BENJAMIN | D36: MENDEZ Alejandra Carolina | E36: =+IFERROR(VLOOKUP(D36,HORARIOS!A:B,2,0),"") -> Psicomotricidad | O36: OSPLYFC | U36: ROBIN FELIPE BENJAMIN | V36: =+VLOOKUP(U36,carga[[PACIENTE]:[TURNO]],5,0) -> T.T
B37: BRAVO VITORGAN EZEQUIEL | D37: MOLINA BRENDA | E37: =+IFERROR(VLOOKUP(D37,HORARIOS!A:B,2,0),"") -> Psicomotricidad | O37: OSPOCE (SWISS MEDICAL) | U37: CAROLI VILLARREAL AXEL BENJAMIN | V37: =+VLOOKUP(U37,carga[[PACIENTE]:[TURNO]],5,0) -> T.T
B38: BRUNO MARCOS GABRIEL | D38: OLIVA Lucas Julian | E38: =+IFERROR(VLOOKUP(D38,HORARIOS!A:B,2,0),"") -> Psicologia | O38: OSPRERA | U38: PEREYRA LUCCA PATRICIO | V38: =+VLOOKUP(U38,carga[[PACIENTE]:[TURNO]],5,0) -> T.M
B39: BULACIO SILVIA CRISTINA | D39: OLOCCO Maria Gabriela | E39: =+IFERROR(VLOOKUP(D39,HORARIOS!A:B,2,0),"") -> Psicologia | O39: OSSACRA | U39: JAZBEC JEREMIAS | V39: =+VLOOKUP(U39,carga[[PACIENTE]:[TURNO]],5,0) -> T.T
B40: BUSTAMANTE MATEO JOEL | D40: PAPA ARTERO Eimi Luhué | E40: =+IFERROR(VLOOKUP(D40,HORARIOS!A:B,2,0),"") -> Fonoaudiologia | O40: OSSSB | U40: VALLE CARRIZO MATEO VALENTINO | V40: =+VLOOKUP(U40,carga[[PACIENTE]:[TURNO]],5,0) -> T.T
B41: BUSTOS GUZMAN MALEN AGUSTINA | D41: PEPELLIN Maria de los Angeles | E41: =+IFERROR(VLOOKUP(D41,HORARIOS!A:B,2,0),"") -> Psicologia | O41: OSSURRBAC | U41: CACIVA MINASSIAN MORENA | V41: =+VLOOKUP(U41,carga[[PACIENTE]:[TURNO]],5,0) -> T.T
B42: CABEZA LUCERO FELIPE | D42: PEREZ Paula Belen | E42: =+IFERROR(VLOOKUP(D42,HORARIOS!A:B,2,0),"") -> Psicopedagogia | O42: OSTACC | U42: PEREZ FERREYRA MIA FRANCESCA | V42: =+VLOOKUP(U42,carga[[PACIENTE]:[TURNO]],5,0) -> T.T
B43: CABILLON PEDROZO SELENIA AIMÉ | D43: PETANAS Sofia Milagros | E43: =+IFERROR(VLOOKUP(D43,HORARIOS!A:B,2,0),"") -> Fonoaudiologia | O43: OSTPCPHYARA (PASTELEROS) | U43: GODINO OCHONGA JUAN VALENTIN | V43: =+VLOOKUP(U43,carga[[PACIENTE]:[TURNO]],5,0) -> T.T
B44: CACERES NOAH CALEB LORENZO | D44: PIZZOLA Martin | E44: =+IFERROR(VLOOKUP(D44,HORARIOS!A:B,2,0),"") -> Kinesiologia | O44: OSTVLA (OSDEPYM) | U44: LASTRA BIANCA GUADALUPE | V44: =+VLOOKUP(U44,carga[[PACIENTE]:[TURNO]],5,0) -> T.T
B45: CACIVA MINASSIAN ALEJO | D45: PORTA Valentina | E45: =+IFERROR(VLOOKUP(D45,HORARIOS!A:B,2,0),"") -> Psicologia | O45: OSUTHGRA | U45: LAZARTE MATEO LIONEL | V45: =+VLOOKUP(U45,carga[[PACIENTE]:[TURNO]],5,0) -> T.T
... B50: CAMPOS ANTONELLA MILAGROS | D50: TORCIVIA RUARTE Damaris Agustina | E50: =+IFERROR(VLOOKUP(D50,HORARIOS!A:B,2,0),"") -> Terapia Ocupacional | O50: MEDIFÉ | U50: ROBLES LOZA FRANCHESCA ANTONELLA | V50: =+VLOOKUP(U50,carga[[PACIENTE]:[TURNO]],5,0) -> T.T
B51: CAMPOS LUNA ESTEFANIA | D51: TORRES Sofia | O51: SANCOR | P51: =+IFERROR(VLOOKUP(O51,HORARIOS!A:B,2,0),"") | U51: DIAZ ROMAN VALENTIN | V51: =+VLOOKUP(U51,carga[[PACIENTE]:[TURNO]],5,0) -> T.M
B52: CAMPOS MATEO LAUTARO | D52: VALDANO MAINGUYAGUE Maria Agustina | E52: =+IFERROR(VLOOKUP(D52,HORARIOS!A:B,2,0),"") -> Kinesiologia | O52: GEA SA | P52: =+IFERROR(VLOOKUP(O52,HORARIOS!A:B,2,0),"") | U52: SUAREZ CANDELA STEFANIA | V52: =+VLOOKUP(U52,carga[[PACIENTE]:[TURNO]],5,0) -> T.T
B53: CAMPOS THIAGO DANIEL | D53: VEGA Graciela Susana | E53: =+IFERROR(VLOOKUP(D53,HORARIOS!A:B,2,0),"") -> Fonoaudiologia | O53: OSPEVIC | P53: =+IFERROR(VLOOKUP(O53,HORARIOS!A:B,2,0),"") | U53: CEJAS JOSE GABRIEL | V53: =+VLOOKUP(U53,carga[[PACIENTE]:[TURNO]],5,0) -> T.M
B54: CAMUSSO ALEJANDRO | D54: ZUÑIGA Lara Rosario | O54: PARTICULAR | P54: =+IFERROR(VLOOKUP(O54,HORARIOS!A:B,2,0),"") | U54: MEDINA ALMA JAZMIN | V54: =+VLOOKUP(U54,carga[[PACIENTE]:[TURNO]],5,0) -> T.T
B55: CANOVAI MARIO GABRIEL | D55: 0 | O55: PREVENCION SALUD | P55: =+IFERROR(VLOOKUP(O55,HORARIOS!A:B,2,0),"") | U55: MOYANO MATEO JULIAN | V55: =+VLOOKUP(U55,carga[[PACIENTE]:[TURNO]],5,0) -> T.M
B56: CARABAJAL BELEN MICAELA | P56: =+IFERROR(VLOOKUP(O56,HORARIOS!A:B,2,0),"") | U56: VARGAS SALDAIN TIZIANA | V56: =+VLOOKUP(U56,carga[[PACIENTE]:[TURNO]],5,0) -> T.M
B57: CARABAJAL PINEDA THIAGO EZEQUIEL | P57: =+IFERROR(VLOOKUP(O57,HORARIOS!A:B,2,0),"") | U57: TRONCOSO GONZALO | V57: =+VLOOKUP(U57,carga[[PACIENTE]:[TURNO]],5,0) -> T.M
B58: CARBAJAL CRISTIAN ARIEL | P58: =+IFERROR(VLOOKUP(O58,HORARIOS!A:B,2,0),"") | U58: MONTOYA ROCIO MILENA | V58: =+VLOOKUP(U58,carga[[PACIENTE]:[TURNO]],5,0) -> T.T
B59: CARBALLO SANTIAGO JOSE | P59: =+IFERROR(VLOOKUP(O59,HORARIOS!A:B,2,0),"") | U59: FERNANDEZ PEREZ FACUNDO JAVIER | V59: =+VLOOKUP(U59,carga[[PACIENTE]:[TURNO]],5,0) -> T.T
B60: CARISSIMO CACERES JUAN AGUSTIN | P60: =+IFERROR(VLOOKUP(O60,HORARIOS!A:B,2,0),"") | U60: PATRITTI MATEO | V60: =+VLOOKUP(U60,carga[[PACIENTE]:[TURNO]],5,0) -> T.T
B61: CARNERO ESMERALDA | P61: =+IFERROR(VLOOKUP(O61,HORARIOS!A:B,2,0),"") | U61: DIAZ SILVA THIAN ALEXANDER | V61: =+VLOOKUP(U61,carga[[PACIENTE]:[TURNO]],5,0) -> T.T
B62: CAROLI VILLARREAL AXEL BENJAMIN | P62: =+IFERROR(VLOOKUP(O62,HORARIOS!A:B,2,0),"") | U62: SOSA YANGUEZ MATEO GIOVANNI | V62: =+VLOOKUP(U62,carga[[PACIENTE]:[TURNO]],5,0) -> T.T
B63: CARRASCO MONTAÑEZ LUIS FRANCISCO | P63: =+IFERROR(VLOOKUP(O63,HORARIOS!A:B,2,0),"") | U63: SEGOVIA TIZIANO BENJAMIN | V63: =+VLOOKUP(U63,carga[[PACIENTE]:[TURNO]],5,0) -> T.T
B64: CARRIZO MIA ANTONELLA | U64: SORIA BENJAMIN UZIEL | V64: =+VLOOKUP(U64,carga[[PACIENTE]:[TURNO]],5,0) -> T.T
B65: CARRIZO MICAELA JAZMIN | U65: CASAS AARON MACIEL | V65: =+VLOOKUP(U65,carga[[PACIENTE]:[TURNO]],5,0) -> T.T
B66: CARRIZO NOAH LIHUEN | U66: REYNOSO MANUEL ELIAS | V66: =+VLOOKUP(U66,carga[[PACIENTE]:[TURNO]],5,0) -> T.T
B67: CASAS AARON MACIEL | U67: CORVALAN TOBIAS ALEJANDRO | V67: =+VLOOKUP(U67,carga[[PACIENTE]:[TURNO]],5,0) -> T.T
B68: CASCO SANCHEZ MAXIMO GIOVANNI | U68: PONCE MAXIMILIANO VALENTIN | V68: =+VLOOKUP(U68,carga[[PACIENTE]:[TURNO]],5,0) -> T.T
B69: CASTILLO GODOY CESAR SANTINO | U69: MONTIEL CABRERA GUADALUPE | V69: =+VLOOKUP(U69,carga[[PACIENTE]:[TURNO]],5,0) -> T.T
B70: CASTILLO IAN | U70: GUANANJA AGUIRRE EIDAN MAXIMO | V70: =+VLOOKUP(U70,carga[[PACIENTE]:[TURNO]],5,0) -> T.T
B71: CATA CATA CARRANZA JOHAN AGUSTIN | U71: CASTILLO IAN | V71: =+VLOOKUP(U71,carga[[PACIENTE]:[TURNO]],5,0) -> T.T
B72: CATRAMBONI FABRIZZIO FRANCESCO | U72: LAMONICA SOFIA GUADALUPE | V72: =+VLOOKUP(U72,carga[[PACIENTE]:[TURNO]],5,0) -> T.T
B73: CEBALLOS DELFINA AZUL | U73: RIOS AMBAR | V73: =+VLOOKUP(U73,carga[[PACIENTE]:[TURNO]],5,0) -> T.M
B74: CEJAS JOSE GABRIEL | U74: MURUA JOAQUIN YUTIEL | V74: =+VLOOKUP(U74,carga[[PACIENTE]:[TURNO]],5,0) -> T.T
B75: CELIZ VIDELA AVRIL | U75: CORDOBA BRIAN OSVALDO | V75: =+VLOOKUP(U75,carga[[PACIENTE]:[TURNO]],5,0) -> T.T
... B284: PONCE BARGAS TOMAS | U284: LLANES BUSTOS BRISA MILAGROS DESIREE | V284: =+VLOOKUP(U284,carga[[PACIENTE]:[TURNO]],5,0) -> T.T
B285: PONCE IAN NEHUEN | V285: =+VLOOKUP(U285,carga[[PACIENTE]:[TURNO]],5,0) -> #N/A
B286: PONCE MATIAS ALEJANDRO | V286: =+VLOOKUP(U286,carga[[PACIENTE]:[TURNO]],5,0) -> #N/A
B287: PONCE MAXIMILIANO VALENTIN | V287: =+VLOOKUP(U287,carga[[PACIENTE]:[TURNO]],5,0) -> #N/A
B288: QUINTEROS JONATHAN JOAQUIN | V288: =+VLOOKUP(U288,carga[[PACIENTE]:[TURNO]],5,0) -> #N/A
B289: RAMIREZ CORTEZ EZEQUIEL TOMAS | V289: =+VLOOKUP(U289,carga[[PACIENTE]:[TURNO]],5,0) -> #N/A
B290: RANZI SILVETTI MILDRED AZUL | V290: =+VLOOKUP(U290,carga[[PACIENTE]:[TURNO]],5,0) -> #N/A
B291: REYES FERREYRA AIXA YAZMIN | V291: =+VLOOKUP(U291,carga[[PACIENTE]:[TURNO]],5,0) -> #N/A
B292: REYNA SOFIA ELENA | V292: =+VLOOKUP(U292,carga[[PACIENTE]:[TURNO]],5,0) -> #N/A
B293: REYNOSO MANUEL ELIAS | V293: =+VLOOKUP(U293,carga[[PACIENTE]:[TURNO]],5,0) -> #N/A
B294: RIOS ACOSTA STHEFANY | V294: =+VLOOKUP(U294,carga[[PACIENTE]:[TURNO]],5,0) -> #N/A
B295: RIOS AMBAR | V295: =+VLOOKUP(U295,carga[[PACIENTE]:[TURNO]],5,0) -> #N/A
B296: ROBIN FELIPE BENJAMIN | V296: =+VLOOKUP(U296,carga[[PACIENTE]:[TURNO]],5,0) -> #N/A
... B330: TOLEDO HUGO BASTIAN EXEQUIEL | V330: =+VLOOKUP(U330,carga[[PACIENTE]:[TURNO]],5,0) -> #N/A
B331: TOLEDO LIAM ANGEL
B332: TOMAS PEDRAZA LUDMILA DEL VALLE
B333: TORRELLA FRANCISCO VALENTIN
B334: TORRES DALMASSO GAIA ISABELLA
B335: TORRES SOFIA AGOSTINA
B336: TORRES SPADORSI FRANCCESCA
B337: TRONCOSO GONZALO
B338: URFALIAN EMANUEL GABRIEL
B339: VACA LAUTARO DANTE
B340: VALDEZ CUERIO LEONIDAS AGUSTIN
B341: VALLE CARRIZO MATEO VALENTINO
B342: VARELA CIRO
... B355: ZAPATA LAUTARO JESUS
B356: 0

Sheet TURNERO TODOS
B7: TURNERO PROFESIONAL | F7: dia
B8: Hora | C8: PROFESIONAL | D8: Servicio | E8: PACIENTE | F8: Lunes | G8: Martes | H8: Miercoles | I8: Jueves | J8: Viernes
B9: 0.33333333 | C9: GOMEZ MARTINA Carolina | D9: Psicomotricidad | E9: AVACA MATEO BENJAMIN | J9: 1
B10: 0.33333333 | C10: GOMEZ MARTINA Carolina | D10: Psicomotricidad | E10: MORENO SUAREZ JOAQUIN | G10: 1
B11: 0.33333333 | C11: GOMEZ MARTINA Carolina | D11: Psicomotricidad | E11: PEREZ LUIS SANTIAGO | F11: 1 | H11: 1
B12: 0.33333333 | C12: GOMEZ MARTINA Carolina | D12: Psicomotricidad | E12: (en blanco)
B13: 0.33333333 | C13: HEREDIA LIZARAZU Lucia | D13: Psicomotricidad | E13: MORENO SUAREZ JOAQUIN | I13: 1
B14: 0.33333333 | C14: HEREDIA LIZARAZU Lucia | D14: Psicomotricidad | E14: (en blanco)
B15: 0.33333333 | C15: MENDEZ Alejandra Carolina | D15: Psicomotricidad | E15: PEREZ AZUL CATALINA | J15: 1
B16: 0.33333333 | C16: MENDEZ Alejandra Carolina | D16: Psicomotricidad | E16: (en blanco)
B17: 0.33333333 | C17: MOLINA BRENDA | D17: Psicomotricidad | E17: ARCE BENICIO | G17: 1 | I17: 1
B18: 0.33333333 | C18: MOLINA BRENDA | D18: Psicomotricidad | E18: FALCON MALENA AGUSTINA | I18: 1
B19: 0.33333333 | C19: MOLINA BRENDA | D19: Psicomotricidad | E19: PEREYRA LUCCA PATRICIO | H19: 1
B20: 0.33333333 | C20: FERREYRA Jennifer Magali | D20: Psicomotricidad | E20: CARISSIMO CACERES JUAN AGUSTIN | H20: 1 | J20: 1
B21: 0.33333333 | C21: FERREYRA Jennifer Magali | D21: Psicomotricidad | E21: MONSERRAT GARCIA JONAS EZEQUIEL | F21: 1 | H21: 1
B22: 0.33333333 | C22: FERREYRA Jennifer Magali | D22: Psicomotricidad | E22: MONTENEGRO JESUS BAUTISTA | J22: 1
B23: 0.36458333 | C23: GOMEZ MARTINA Carolina | D23: Psicomotricidad | E23: AVACA MATEO BENJAMIN | H23: 1
B24: 0.36458333 | C24: GOMEZ MARTINA Carolina | D24: Psicomotricidad | E24: DIDYCZ ESTRADA MALENA VALENTINA | G24: 1
B25: 0.36458333 | C25: GOMEZ MARTINA Carolina | D25: Psicomotricidad | E25: GONZALEZ DUARTE BASTIAN ALEJANDRO | H25: 1
B26: 0.36458333 | C26: GOMEZ MARTINA Carolina | D26: Psicomotricidad | E26: RIOS AMBAR | F26: 1 | I26: 1
B27: 0.36458333 | C27: GOMEZ MARTINA Carolina | D27: Psicomotricidad | E27: (en blanco)
B28: 0.36458333 | C28: HEREDIA LIZARAZU Lucia | D28: Psicomotricidad | E28: GONZALEZ DUARTE BASTIAN ALEJANDRO | I28: 1
B29: 0.36458333 | C29: HEREDIA LIZARAZU Lucia | D29: Psicomotricidad | E29: RODRIGUEZ SANTINO | G29: 1 | I29: 1
B30: 0.36458333 | C30: MENDEZ Alejandra Carolina | D30: Psicomotricidad | E30: OVIEDO MAXIMO SAMUEL | H30: 1 | J30: 1
B31: 0.36458333 | C31: MOLINA BRENDA | D31: Psicomotricidad | E31: MOYANO MATEO JULIAN | H31: 1
B32: 0.36458333 | C32: MOLINA BRENDA | D32: Psicomotricidad | E32: SORRONDEGUI NOAH GABRIEL | G32: 1 | I32: 1
B33: 0.36458333 | C33: FERREYRA Jennifer Magali | D33: Psicomotricidad | E33: ESPINDOLA ARCE SOFIA | H33: 1 | J33: 1
B34: 0.36458333 | C34: FERREYRA Jennifer Magali | D34: Psicomotricidad | E34: MANCINI MEDINA UZIEL JEREMIAS | F34: 1
B35: 0.39583333 | C35: GOMEZ MARTINA Carolina | D35: Psicomotricidad | E35: ALDERETE LIAN ALEJANDRO | G35: 1 | I35: 1
B36: 0.39583333 | C36: GOMEZ MARTINA Carolina | D36: Psicomotricidad | E36: ASTUDILLO PABLO ISMAEL | G36: 1
B37: 0.39583333 | C37: GOMEZ MARTINA Carolina | D37: Psicomotricidad | E37: DIAZ ROMAN VALENTIN | H37: 1 | J37: 1
B38: 0.39583333 | C38: GOMEZ MARTINA Carolina | D38: Psicomotricidad | E38: DIDYCZ ESTRADA MALENA VALENTINA | J38: 1
B39: 0.39583333 | C39: GOMEZ MARTINA Carolina | D39: Psicomotricidad | E39: FERREYRA ALMA VALENTINA | I39: 1
B40: 0.39583333 | C40: GOMEZ MARTINA Carolina | D40: Psicomotricidad | E40: JAIME JUAN CRUZ | I40: 1
B41: 0.39583333 | C41: GOMEZ MARTINA Carolina | D41: Psicomotricidad | E41: SUAREZ SOLANGE YAZMIN | F41: 1
B42: 0.39583333 | C42: HEREDIA LIZARAZU Lucia | D42: Psicomotricidad | E42: GALINDEZ DIOMIRA JAZMIN | G42: 1 | I42: 1
B43: 0.39583333 | C43: MENDEZ Alejandra Carolina | D43: Psicomotricidad | E43: FAZEKAS FERREYRA IKER | H43: 1 | J43: 1
B44: 0.39583333 | C44: MOLINA BRENDA | D44: Psicomotricidad | E44: CONTRERAS THOMAS ELIAS | I44: 1
B45: 0.39583333 | C45: MOLINA BRENDA | D45: Psicomotricidad | E45: HEREDIA MAMANI THIAGO EMANUEL | G45: 1
B46: 0.39583333 | C46: MOLINA BRENDA | D46: Psicomotricidad | E46: IBARRA CHAVEZ LIAM DAVID | H46: 1
B47: 0.39583333 | C47: MOLINA BRENDA | D47: Psicomotricidad | E47: RODRIGUEZ CONTRERAS ALEXANDER GINO | I47: 1
B48: 0.39583333 | C48: FERREYRA Jennifer Magali | D48: Psicomotricidad | E48: ALMADA EZCURRA SOFIA | F48: 1 | H48: 1
B49: 0.39583333 | C49: FERREYRA Jennifer Magali | D49: Psicomotricidad | E49: IBARRA CHAVEZ LIAM DAVID | J49: 1
B50: 0.39583333 | C50: FERREYRA Jennifer Magali | D50: Psicomotricidad | E50: PERALTA OLMOS AILIN FRANCESCA | F50: 1 | H50: 1
B51: 0.39583333 | C51: FERREYRA Jennifer Magali | D51: Psicomotricidad | E51: PEREYRA LUCCA PATRICIO | J51: 1
B52: 0.44791667 | C52: GOMEZ MARTINA Carolina | D52: Psicomotricidad | E52: COLAZO SANCHEZ SEBASTIAN ANDRES | J52: 1
B53: 0.44791667 | C53: GOMEZ MARTINA Carolina | D53: Psicomotricidad | E53: HEREDIA OLIVERA VALENTINO | F53: 1
B54: 0.44791667 | C54: GOMEZ MARTINA Carolina | D54: Psicomotricidad | E54: IBARRA CHAVEZ KAEL JOSUE | H54: 1
B55: 0.44791667 | C55: GOMEZ MARTINA Carolina | D55: Psicomotricidad | E55: MANSILLA GINO MATEO | G55: 1
B56: 0.44791667 | C56: GOMEZ MARTINA Carolina | D56: Psicomotricidad | E56: PAZ CORDOBA BAUTISTA | H56: 1
B57: 0.44791667 | C57: GOMEZ MARTINA Carolina | D57: Psicomotricidad | E57: ROBLES LOZA IGNACIO AGUSTIN | I57: 1
B58: 0.44791667 | C58: GOMEZ MARTINA Carolina | D58: Psicomotricidad | E58: RODRIGUEZ CONTRERAS ALEXANDER GINO | J58: 1
B59: 0.44791667 | C59: GOMEZ MARTINA Carolina | D59: Psicomotricidad | E59: TORRES SOFIA AGOSTINA | J59: 1
B60: 0.44791667 | C60: HEREDIA LIZARAZU Lucia | D60: Psicomotricidad | E60: CAMPOS THIAGO DANIEL | G60: 1 | I60: 1
B61: 0.44791667 | C61: HEREDIA LIZARAZU Lucia | D61: Psicomotricidad | E61: GALINDEZ AMABELLA FRANCESCA | G61: 1
B62: 0.44791667 | C62: MENDEZ Alejandra Carolina | D62: Psicomotricidad | E62: IBARRA CHAVEZ KAEL JOSUE | J62: 1
B63: 0.44791667 | C63: MENDEZ Alejandra Carolina | D63: Psicomotricidad | E63: PAZ CORDOBA BAUTISTA | J63: 1
B64: 0.44791667 | C64: MENDEZ Alejandra Carolina | D64: Psicomotricidad | E64: PEREZ OCTAVIO DIONICIO | H64: 1
B65: 0.44791667 | C65: MOLINA BRENDA | D65: Psicomotricidad | E65: CEJAS JOSE GABRIEL | G65: 1
B66: 0.44791667 | C66: MOLINA BRENDA | D66: Psicomotricidad | E66: HEREDIA MAMANI THIAGO EMANUEL | I66: 1
B67: 0.44791667 | C67: MOLINA BRENDA | D67: Psicomotricidad | E67: TORRES SOFIA AGOSTINA | H67: 1
B68: 0.44791667 | C68: FERREYRA Jennifer Magali | D68: Psicomotricidad | E68: ESQUIVEL ALVARO SAMUEL | F68: 1 | H68: 1
B69: 0.44791667 | C69: FERREYRA Jennifer Magali | D69: Psicomotricidad | E69: HEREDIA BAUTISTA SAMUEL | J69: 1
B70: 0.47916667 | C70: GOMEZ MARTINA Carolina | D70: Psicomotricidad | E70: CASCO SANCHEZ MAXIMO GIOVANNI | F70: 1
B71: 0.47916667 | C71: GOMEZ MARTINA Carolina | D71: Psicomotricidad | E71: HEREDIA OLIVERA VALENTINO | I71: 1
B72: 0.47916667 | C72: GOMEZ MARTINA Carolina | D72: Psicomotricidad | E72: PEREZ AZUL CATALINA | H72: 1
B73: 0.47916667 | C73: GOMEZ MARTINA Carolina | D73: Psicomotricidad | E73: PICHILINGUE ROMERO JUAN MARTIN | J73: 1
B74: 0.47916667 | C74: GOMEZ MARTINA Carolina | D74: Psicomotricidad | E74: TOLEDO BORIS | F74: 1 | J74: 1
B75: 0.47916667 | C75: GOMEZ MARTINA Carolina | D75: Psicomotricidad | E75: (en blanco)
B76: 0.47916667 | C76: HEREDIA LIZARAZU Lucia | D76: Psicomotricidad | E76: ANTEZANA ESCOBAR THIAGO LUIS | I76: 1
B77: 0.47916667 | C77: HEREDIA LIZARAZU Lucia | D77: Psicomotricidad | E77: HEREDIA BAUTISTA SAMUEL | G77: 1
B78: 0.47916667 | C78: MENDEZ Alejandra Carolina | D78: Psicomotricidad | E78: POMPONIO ALMA LUCIA | H78: 1 | J78: 1
B79: 0.47916667 | C79: MOLINA BRENDA | D79: Psicomotricidad | E79: ALMADA MARTINEZ BAUTISTA BENJAMIN | H79: 1
B80: 0.47916667 | C80: MOLINA BRENDA | D80: Psicomotricidad | E80: CAMPOS MATEO LAUTARO | I80: 1
B81: 0.47916667 | C81: MOLINA BRENDA | D81: Psicomotricidad | E81: PICHILINGUE ROMERO JUAN MARTIN | G81: 1
B82: 0.47916667 | C82: FERREYRA Jennifer Magali | D82: Psicomotricidad | E82: ALMADA MARTINEZ BAUTISTA BENJAMIN | F82: 1
B83: 0.47916667 | C83: FERREYRA Jennifer Magali | D83: Psicomotricidad | E83: ESPAÑA VICTORIA RENATA | H83: 1 | J83: 1
B84: 0.47916667 | C84: FERREYRA Jennifer Magali | D84: Psicomotricidad | E84: FERNADEZ THIAGO | H84: 1 | J84: 1
B85: 0.51041667 | C85: GOMEZ MARTINA Carolina | D85: Psicomotricidad | E85: ABENTE BENJAMIN NICOLAS | F85: 1 | H85: 1
B86: 0.51041667 | C86: GOMEZ MARTINA Carolina | D86: Psicomotricidad | E86: CORNEJO ANDULCE POOL VALENTINO | G86: 1 | J86: 1
B87: 0.51041667 | C87: GOMEZ MARTINA Carolina | D87: Psicomotricidad | E87: (en blanco)
B88: 0.51041667 | C88: HEREDIA LIZARAZU Lucia | D88: Psicomotricidad | E88: LOPEZ MIRANDA THIAGO | G88: 1 | I88: 1
B89: 0.51041667 | C89: MENDEZ Alejandra Carolina | D89: Psicomotricidad | E89: (en blanco)
B90: 0.51041667 | C90: MOLINA BRENDA | D90: Psicomotricidad | E90: CARNERO ESMERALDA | G90: 1 | I90: 1
B91: 0.51041667 | C91: MOLINA BRENDA | D91: Psicomotricidad | E91: (en blanco)
B92: 0.51041667 | C92: FERREYRA Jennifer Magali | D92: Psicomotricidad | E92: MELANO MOLINA LAUTARO | F92: 1 | J92: 1
B93: 0.51041667 | C93: FERREYRA Jennifer Magali | D93: Psicomotricidad | E93: (en blanco)
B94: 0.54166667 | C94: GOMEZ MARTINA Carolina | D94: Psicomotricidad | E94: (en blanco)
B95: 0.54166667 | C95: HEREDIA LIZARAZU Lucia | D95: Psicomotricidad | E95: (en blanco)
B96: 0.54166667 | C96: MENDEZ Alejandra Carolina | D96: Psicomotricidad | E96: (en blanco)
B97: 0.54166667 | C97: MOLINA BRENDA | D97: Psicomotricidad | E97: (en blanco)
B98: 0.54166667 | C98: FERREYRA Jennifer Magali | D98: Psicomotricidad | E98: (en blanco)
B99: 0.58333333 | C99: ALMADA Luciana | D99: Psicomotricidad | E99: (en blanco)
B100: 0.58333333 | C100: CRIADO Sabrina Tamara | D100: Psicomotricidad | E100: CAMPOS LUNA ESTEFANIA | J100: 1
B101: 0.58333333 | C101: CRIADO Sabrina Tamara | D101: Psicomotricidad | E101: NIETO ROMERO JEREMIAS JULIAN | F101: 1
B102: 0.58333333 | C102: CRIADO Sabrina Tamara | D102: Psicomotricidad | E102: (en blanco)
B103: 0.58333333 | C103: HEREDIA LIZARAZU Lucia | D103: Psicomotricidad | E103: VARELA CIRO | G103: 1 | I103: 1
B104: 0.58333333 | C104: MENDEZ Alejandra Carolina | D104: Psicomotricidad | E104: (en blanco)
B105: 0.58333333 | C105: DIAZ NIEVAS Andrea Celeste | D105: Psicomotricidad | E105: (en blanco)
B106: 0.58333333 | C106: LORENZATTO Delfina Maria | D106: Psicomotricidad | E106: (en blanco)
...

Sheet Combinar1
A1: Apellido y Nombre | B1: Servicio | C1: Matricula | D1: dia | E1: desde | F1: hasta | G1: desde hasta | H1: Columna1 | I1: Columna2 | J1: Combinada | K1: carga.PACIENTE | L1: turno
A2: ALMADA Luciana | B2: Psicomotricidad | C2: MP 15688 | D2: Lunes | E2: 0.58333333 | F2: 0.83333333 | G2: 0.58333333 | J2: ALMADA Luciana-Lunes-14:00 | L2: =+_xlfn.XLOOKUP(Combinar1[[#This Row],[carga.PACIENTE]],carga[PACIENTE],carga[TURNO],0,0) -> 0
A3: ALMADA Luciana | B3: Psicomotricidad | C3: MP 15688 | D3: Lunes | E3: 0.58333333 | F3: 0.83333333 | G3: 0.61458333 | J3: ALMADA Luciana-Lunes-14:45 | K3: GENOVESIO GUTIERREZ LUIS RAUL | L3: =+_xlfn.XLOOKUP(Combinar1[[#This Row],[carga.PACIENTE]],carga[PACIENTE],carga[TURNO],0,0) -> 0
A4: CASTRO Lucia Macarena | B4: Fonoaudiologia | C4: MP 9444 | D4: Lunes | E4: 0.58333333 | F4: 0.83333333 | G4: 0.64583333 | J4: CASTRO Lucia Macarena-Lunes-15:30 | K4: ALANIS GINA | L4: =+_xlfn.XLOOKUP(Combinar1[[#This Row],[carga.PACIENTE]],carga[PACIENTE],carga[TURNO],0,0) -> T.T
A5: CASTRO Lucia Macarena | B5: Fonoaudiologia | C5: MP 9444 | D5: Lunes | E5: 0.58333333 | F5: 0.83333333 | G5: 0.64583333 | J5: CASTRO Lucia Macarena-Lunes-15:30 | K5: MONTOYA ROCIO MILENA | L5: =+_xlfn.XLOOKUP(Combinar1[[#This Row],[carga.PACIENTE]],carga[PACIENTE],carga[TURNO],0,0) -> T.T
A6: ALMADA Luciana | B6: Psicomotricidad | C6: MP 15688 | D6: Lunes | E6: 0.58333333 | F6: 0.83333333 | G6: 0.64583333 | J6: ALMADA Luciana-Lunes-15:30 | K6: PONCE BARGAS MIA AGOSTINA | L6: =+_xlfn.XLOOKUP(Combinar1[[#This Row],[carga.PACIENTE]],carga[PACIENTE],carga[TURNO],0,0) -> T.T
A7: GIMENEZ Agustina | B7: Fonoaudiologia | C7: MP 9348 | D7: Lunes | E7: 0.58333333 | F7: 0.83333333 | G7: 0.72916667 | J7: GIMENEZ Agustina-Lunes-17:30 | K7: FIGUEROA IVAN PEDRO | L7: =+_xlfn.XLOOKUP(Combinar1[[#This Row],[carga.PACIENTE]],carga[PACIENTE],carga[TURNO],0,0) -> T.T
A8: ALMADA Luciana | B8: Psicomotricidad | C8: MP 15688 | D8: Lunes | E8: 0.58333333 | F8: 0.83333333 | G8: 0.67708333 | J8: ALMADA Luciana-Lunes-16:15 | K8: MACHADO VIDELA BENJAMIN FRANCESCO | L8: =+_xlfn.XLOOKUP(Combinar1[[#This Row],[carga.PACIENTE]],carga[PACIENTE],carga[TURNO],0,0) -> T.T
A9: BARRIA VAZQUEZ Luciana ALicia | B9: Fonoaudiologia | C9: MP 9398 | D9: Lunes | E9: 0.58333333 | F9: 0.83333333 | G9: 0.76041667 | J9: BARRIA VAZQUEZ Luciana ALicia-Lunes-18:15 | K9: PERALTA ISAAC | L9: =+_xlfn.XLOOKUP(Combinar1[[#This Row],[carga.PACIENTE]],carga[PACIENTE],carga[TURNO],0,0) -> T.T
A10: ALMADA Luciana | B10: Psicomotricidad | C10: MP 15688 | D10: Lunes | E10: 0.58333333 | F10: 0.83333333 | G10: 0.72916667 | J10: ALMADA Luciana-Lunes-17:30 | K10: MONTOYA ROCIO MILENA | L10: =+_xlfn.XLOOKUP(Combinar1[[#This Row],[carga.PACIENTE]],carga[PACIENTE],carga[TURNO],0,0) -> T.T
A11: ALMADA Luciana | B11: Psicomotricidad | C11: MP 15688 | D11: Lunes | E11: 0.58333333 | F11: 0.83333333 | G11: 0.72916667 | J11: ALMADA Luciana-Lunes-17:30 | K11: VILLARROEL BAIGORRIA MATEO BENJAMIN | L11: =+_xlfn.XLOOKUP(Combinar1[[#This Row],[carga.PACIENTE]],carga[PACIENTE],carga[TURNO],0,0) -> T.T
A12: FERNANDEZ Maria Emilia | B12: Fonoaudiologia | C12: MP 9550 | D12: Lunes | E12: 0.58333333 | F12: 0.83333333 | G12: 0.79166667 | J12: FERNANDEZ Maria Emilia-Lunes-19:00 | K12: CORNEJO SAMIENTA FACUNDO NICOLAS | L12: =+_xlfn.XLOOKUP(Combinar1[[#This Row],[carga.PACIENTE]],carga[PACIENTE],carga[TURNO],0,0) -> T.T
A13: ALMADA Luciana | B13: Psicomotricidad | C13: MP 15689 | D13: Lunes | E13: 0.58333333 | F13: 0.83333333 | G13: 0.76041667 | J13: ALMADA Luciana-Lunes-18:15 | K13: LUDUEÑA PERALTA BRUNO BENJAMIN | L13: =+_xlfn.XLOOKUP(Combinar1[[#This Row],[carga.PACIENTE]],carga[PACIENTE],carga[TURNO],0,0) -> T.T
A14: ALMADA Luciana | B14: Psicomotricidad | C14: MP 15689 | D14: Lunes | E14: 0.58333333 | F14: 0.83333333 | G14: 0.76041667 | J14: ALMADA Luciana-Lunes-18:15 | K14: SOSA YANGUEZ MATEO GIOVANNI | L14: =+_xlfn.XLOOKUP(Combinar1[[#This Row],[carga.PACIENTE]],carga[PACIENTE],carga[TURNO],0,0) -> T.T
... A18: BARRIA VAZQUEZ Luciana ALicia | B18: Fonoaudiologia | C18: MP 9398 | D18: Martes | E18: 0.58333333 | F18: 0.83333333 | G18: 0.61458333 | J18: BARRIA VAZQUEZ Luciana ALicia-Martes-14:45 | K18: RANZI SILVETTI MILDRED AZUL | L18: =+_xlfn.XLOOKUP(Combinar1[[#This Row],[carga.PACIENTE]],carga[PACIENTE],carga[TURNO],0,0) -> 0
A19: ALMADA Luciana | B19: Psicomotricidad | C19: MP 15688 | D19: Miercoles | E19: 0.58333333 | F19: 0.83333333 | G19: 0.58333333 | J19: ALMADA Luciana-Miercoles-14:00 | L19: =+_xlfn.XLOOKUP(Combinar1[[#This Row],[carga.PACIENTE]],carga[PACIENTE],carga[TURNO],0,0) -> 0
A20: ARMOA Andrea Celeste | B20: Fonoaudiologia | C20: MP 7993 | D20: Martes | E20: 0.33333333 | F20: 0.83333333 | G20: 0.64583333 | J20: ARMOA Andrea Celeste-Martes-15:30 | K20: FURTADO JUAN JOSE | L20: =+_xlfn.XLOOKUP(Combinar1[[#This Row],[carga.PACIENTE]],carga[PACIENTE],carga[TURNO],0,0) -> T.T
A21: ALMADA Luciana | B21: Psicomotricidad | C21: MP 15688 | D21: Miercoles | E21: 0.58333333 | F21: 0.83333333 | G21: 0.61458333 | J21: ALMADA Luciana-Miercoles-14:45 | L21: =+_xlfn.XLOOKUP(Combinar1[[#This Row],[carga.PACIENTE]],carga[PACIENTE],carga[TURNO],0,0) -> 0
A22: GIRAUDO MILAGROS VIRGINIA | B22: Fonoaudiologia | C22: MP 9335 | D22: Martes | E22: 0.33333333 | F22: 0.83333333 | G22: 0.67708333 | J22: GIRAUDO MILAGROS VIRGINIA-Martes-16:15 | K22: MOYA BRUNO CALIXTO | L22: =+_xlfn.XLOOKUP(Combinar1[[#This Row],[carga.PACIENTE]],carga[PACIENTE],carga[TURNO],0,0) -> T.T
A23: ALMADA Luciana | B23: Psicomotricidad | C23: MP 15688 | D23: Miercoles | E23: 0.58333333 | F23: 0.83333333 | G23: 0.64583333 | J23: ALMADA Luciana-Miercoles-15:30 | K23: CARRASCO MONTAÑEZ LUIS FRANCISCO | L23: =+_xlfn.XLOOKUP(Combinar1[[#This Row],[carga.PACIENTE]],carga[PACIENTE],carga[TURNO],0,0) -> T.T
A24: PETANAS Sofia Milagros | B24: Fonoaudiologia | C24: MP 9130 | D24: Martes | E24: 0.58333333 | F24: 0.83333333 | G24: 0.72916667 | J24: PETANAS Sofia Milagros-Martes-17:30 | K24: VIVANCO CABRERA MATEO JOAQUIN | L24: =+_xlfn.XLOOKUP(Combinar1[[#This Row],[carga.PACIENTE]],carga[PACIENTE],carga[TURNO],0,0) -> T.T
A25: PETANAS Sofia Milagros | B25: Fonoaudiologia | C25: MP 9130 | D25: Martes | E25: 0.58333333 | F25: 0.83333333 | G25: 0.72916667 | J25: PETANAS Sofia Milagros-Martes-17:30 | K25: SUAREZ CANDELA STEFANIA | L25: =+_xlfn.XLOOKUP(Combinar1[[#This Row],[carga.PACIENTE]],carga[PACIENTE],carga[TURNO],0,0) -> T.T
A26: ALMADA Luciana | B26: Psicomotricidad | C26: MP 15688 | D26: Miercoles | E26: 0.58333333 | F26: 0.83333333 | G26: 0.67708333 | J26: ALMADA Luciana-Miercoles-16:15 | L26: =+_xlfn.XLOOKUP(Combinar1[[#This Row],[carga.PACIENTE]],carga[PACIENTE],carga[TURNO],0,0) -> 0
A27: CASTRO Lucia Macarena | B27: Fonoaudiologia | C27: MP 9444 | D27: Martes | E27: 0.58333333 | F27: 0.83333333 | G27: 0.76041667 | J27: CASTRO Lucia Macarena-Martes-18:15 | K27: SUAREZ CELESTE ABRIL | L27: =+_xlfn.XLOOKUP(Combinar1[[#This Row],[carga.PACIENTE]],carga[PACIENTE],carga[TURNO],0,0) -> T.T
A28: CASTRO Lucia Macarena | B28: Fonoaudiologia | C28: MP 9444 | D28: Martes | E28: 0.58333333 | F28: 0.83333333 | G28: 0.76041667 | J28: CASTRO Lucia Macarena-Martes-18:15 | K28: REYNOSO MANUEL ELIAS | L28: =+_xlfn.XLOOKUP(Combinar1[[#This Row],[carga.PACIENTE]],carga[PACIENTE],carga[TURNO],0,0) -> T.T
A29: ALMADA Luciana | B29: Psicomotricidad | C29: MP 15688 | D29: Miercoles | E29: 0.58333333 | F29: 0.83333333 | G29: 0.72916667 | J29: ALMADA Luciana-Miercoles-17:30 | K29: VILLARROEL BAIGORRIA MATEO BENJAMIN | L29: =+_xlfn.XLOOKUP(Combinar1[[#This Row],[carga.PACIENTE]],carga[PACIENTE],carga[TURNO],0,0) -> T.T
A30: GIRAUDO MILAGROS VIRGINIA | B30: Fonoaudiologia | C30: MP 9335 | D30: Martes | E30: 0.33333333 | F30: 0.83333333 | G30: 0.79166667 | J30: GIRAUDO MILAGROS VIRGINIA-Martes-19:00 | K30: AGUIRRE VILLAMIZAR OLIVER JOSE | L30: =+_xlfn.XLOOKUP(Combinar1[[#This Row],[carga.PACIENTE]],carga[PACIENTE],carga[TURNO],0,0) -> T.T
A31: ALMADA Luciana | B31: Psicomotricidad | C31: MP 15689 | D31: Miercoles | E31: 0.58333333 | F31: 0.83333333 | G31: 0.76041667 | J31: ALMADA Luciana-Miercoles-18:15 | K31: MATASSI BENICIO JOAQUIN | L31: =+_xlfn.XLOOKUP(Combinar1[[#This Row],[carga.PACIENTE]],carga[PACIENTE],carga[TURNO],0,0) -> T.T
A32: CASTRO Lucia Macarena | B32: Fonoaudiologia | C32: MP 9444 | D32: Miercoles | E32: 0.58333333 | F32: 0.83333333 | G32: 0.58333333 | J32: CASTRO Lucia Macarena-Miercoles-14:00 | K32: ALANIS GINA | L32: =+_xlfn.XLOOKUP(Combinar1[[#This Row],[carga.PACIENTE]],carga[PACIENTE],carga[TURNO],0,0) -> T.T
A33: ALMADA Luciana | B33: Psicomotricidad | C33: MP 15688 | D33: Miercoles | E33: 0.58333333 | F33: 0.83333333 | G33: 0.79166667 | J33: ALMADA Luciana-Miercoles-19:00 | K33: MATASSI TULIO ALEJANDRO | L33: =+_xlfn.XLOOKUP(Combinar1[[#This Row],[carga.PACIENTE]],carga[PACIENTE],carga[TURNO],0,0) -> T.T
A34: ALMADA Luciana | B34: Psicomotricidad | C34: MP 15688 | D34: Viernes | E34: 0.58333333 | F34: 0.83333333 | G34: 0.58333333 | J34: ALMADA Luciana-Viernes-14:00 | L34: =+_xlfn.XLOOKUP(Combinar1[[#This Row],[carga.PACIENTE]],carga[PACIENTE],carga[TURNO],0,0) -> 0
A35: VEGA Graciela Susana | B35: Fonoaudiologia | C35: MP 9068 | D35: Miercoles | E35: 0.58333333 | F35: 0.83333333 | G35: 0.64583333 | J35: VEGA Graciela Susana-Miercoles-15:30 | K35: MACHADO VIDELA BENJAMIN FRANCESCO | L35: =+_xlfn.XLOOKUP(Combinar1[[#This Row],[carga.PACIENTE]],carga[PACIENTE],carga[TURNO],0,0) -> T.T
A36: ALMADA Luciana | B36: Psicomotricidad | C36: MP 15688 | D36: Viernes | E36: 0.58333333 | F36: 0.83333333 | G36: 0.61458333 | J36: ALMADA Luciana-Viernes-14:45 | L36: =+_xlfn.XLOOKUP(Combinar1[[#This Row],[carga.PACIENTE]],carga[PACIENTE],carga[TURNO],0,0) -> 0
A37: VEGA Graciela Susana | B37: Fonoaudiologia | C37: MP 9068 | D37: Miercoles | E37: 0.58333333 | F37: 0.83333333 | G37: 0.67708333 | J37: VEGA Graciela Susana-Miercoles-16:15 | K37: SANCHEZ BARRIOS MORENA VALENTINA | L37: =+_xlfn.XLOOKUP(Combinar1[[#This Row],[carga.PACIENTE]],carga[PACIENTE],carga[TURNO],0,0) -> 0
A38: ALMADA Luciana | B38: Psicomotricidad | C38: MP 15688 | D38: Viernes | E38: 0.58333333 | F38: 0.83333333 | G38: 0.64583333 | J38: ALMADA Luciana-Viernes-15:30 | K38: GRIBAUDO JUAN IGNACIO | L38: =+_xlfn.XLOOKUP(Combinar1[[#This Row],[carga.PACIENTE]],carga[PACIENTE],carga[TURNO],0,0) -> T.T
A39: PETANAS Sofia Milagros | B39: Fonoaudiologia | C39: MP 9130 | D39: Miercoles | E39: 0.58333333 | F39: 0.83333333 | G39: 0.72916667 | J39: PETANAS Sofia Milagros-Miercoles-17:30 | K39: FIGUEROA IVAN PEDRO | L39: =+_xlfn.XLOOKUP(Combinar1[[#This Row],[carga.PACIENTE]],carga[PACIENTE],carga[TURNO],0,0) -> T.T
A40: ALMADA Luciana | B40: Psicomotricidad | C40: MP 15688 | D40: Viernes | E40: 0.58333333 | F40: 0.83333333 | G40: 0.67708333 | J40: ALMADA Luciana-Viernes-16:15 | K40: BRAVO VITORGAN EZEQUIEL | L40: =+_xlfn.XLOOKUP(Combinar1[[#This Row],[carga.PACIENTE]],carga[PACIENTE],carga[TURNO],0,0) -> 0
A41: CONDORI Jose Hugo | B41: Kinesiologia | C41: MP 5125 | D41: Martes | E41: 0.33333333 | F41: 0.58333333 | G41: 0.33333333 | J41: CONDORI Jose Hugo-Martes-08:00 | K41: BETOLLI CATALINA | L41: =+_xlfn.XLOOKUP(Combinar1[[#This Row],[carga.PACIENTE]],carga[PACIENTE],carga[TURNO],0,0) -> T.M
A42: ALMADA Luciana | B42: Psicomotricidad | C42: MP 15688 | D42: Viernes | E42: 0.58333333 | F42: 0.83333333 | G42: 0.72916667 | J42: ALMADA Luciana-Viernes-17:30 | K42: CASTILLO IAN | L42: =+_xlfn.XLOOKUP(Combinar1[[#This Row],[carga.PACIENTE]],carga[PACIENTE],carga[TURNO],0,0) -> T.T
A43: ALMADA Luciana | B43: Psicomotricidad | C43: MP 15688 | D43: Viernes | E43: 0.58333333 | F43: 0.83333333 | G43: 0.72916667 | J43: ALMADA Luciana-Viernes-17:30 | K43: MONTOYA ROCIO MILENA | L43: =+_xlfn.XLOOKUP(Combinar1[[#This Row],[carga.PACIENTE]],carga[PACIENTE],carga[TURNO],0,0) -> T.T
A44: ALMADA Luciana | B44: Psicomotricidad | C44: MP 15688 | D44: Viernes | E44: 0.58333333 | F44: 0.83333333 | G44: 0.72916667 | J44: ALMADA Luciana-Viernes-17:30 | K44: SOSA YANGUEZ MATEO GIOVANNI | L44: =+_xlfn.XLOOKUP(Combinar1[[#This Row],[carga.PACIENTE]],carga[PACIENTE],carga[TURNO],0,0) -> T.T
A45: CASTRO Lucia Macarena | B45: Fonoaudiologia | C45: MP 9444 | D45: Miercoles | E45: 0.58333333 | F45: 0.83333333 | G45: 0.64583333 | J45: CASTRO Lucia Macarena-Miercoles-15:30 | K45: CATRAMBONI FABRIZZIO FRANCESCO | L45: =+_xlfn.XLOOKUP(Combinar1[[#This Row],[carga.PACIENTE]],carga[PACIENTE],carga[TURNO],0,0) -> T.T
A46: CASTRO Lucia Macarena | B46: Fonoaudiologia | C46: MP 9444 | D46: Miercoles | E46: 0.58333333 | F46: 0.83333333 | G46: 0.64583333 | J46: CASTRO Lucia Macarena-Miercoles-15:30 | K46: GUANANJA AGUIRRE EIDAN MAXIMO | L46: =+_xlfn.XLOOKUP(Combinar1[[#This Row],[carga.PACIENTE]],carga[PACIENTE],carga[TURNO],0,0) -> T.T
A47: ALMADA Luciana | B47: Psicomotricidad | C47: MP 15688 | D47: Viernes | E47: 0.58333333 | F47: 0.83333333 | G47: 0.76041667 | J47: ALMADA Luciana-Viernes-18:15 | L47: =+_xlfn.XLOOKUP(Combinar1[[#This Row],[carga.PACIENTE]],carga[PACIENTE],carga[TURNO],0,0) -> 0
A48: VILCHE Carla Valeria | B48: Fonoaudiologia | C48: MP 8974 | D48: Jueves | E48: 0.58333333 | F48: 0.83333333 | G48: 0.64583333 | J48: VILCHE Carla Valeria-Jueves-15:30 | K48: REYES FERREYRA AIXA YAZMIN | L48: =+_xlfn.XLOOKUP(Combinar1[[#This Row],[carga.PACIENTE]],carga[PACIENTE],carga[TURNO],0,0) -> T.T
A49: ALMADA Luciana | B49: Psicomotricidad | C49: MP 15688 | D49: Viernes | E49: 0.58333333 | F49: 0.83333333 | G49: 0.79166667 | J49: ALMADA Luciana-Viernes-19:00 | K49: PONCE IAN NEHUEN | L49: =+_xlfn.XLOOKUP(Combinar1[[#This Row],[carga.PACIENTE]],carga[PACIENTE],carga[TURNO],0,0) -> T.T
A50: ARMOA Andrea Celeste | B50: Fonoaudiologia | C50: MP 7993 | D50: Jueves | E50: 0.58333333 | F50: 0.83333333 | G50: 0.67708333 | J50: ARMOA Andrea Celeste-Jueves-16:15 | K50: FURTADO JUAN JOSE | L50: =+_xlfn.XLOOKUP(Combinar1[[#This Row],[carga.PACIENTE]],carga[PACIENTE],carga[TURNO],0,0) -> T.T
A51: ARMOA Andrea Celeste | B51: Fonoaudiologia | C51: MP 7993 | D51: Jueves | E51: 0.58333333 | F51: 0.83333333 | G51: 0.67708333 | J51: ARMOA Andrea Celeste-Jueves-16:15 | K51: VIJARRA JOAQUIN EMILIANO | L51: =+_xlfn.XLOOKUP(Combinar1[[#This Row],[carga.PACIENTE]],carga[PACIENTE],carga[TURNO],0,0) -> T.T
A52: ANSELMI Juliana Lourdes | B52: Psicopedagogia | C52: MP P- 12- 6337 | D52: Lunes | E52: 0.58333333 | F52: 0.83333333 | G52: 0.58333333 | J52: ANSELMI Juliana Lourdes-Lunes-14:00 | K52: PONCE BARGAS MIA AGOSTINA | L52: =+_xlfn.XLOOKUP(Combinar1[[#This Row],[carga.PACIENTE]],carga[PACIENTE],carga[TURNO],0,0) -> T.T
A53: GIRAUDO MILAGROS VIRGINIA | B53: Fonoaudiologia | C53: MP 9335 | D53: Jueves | E53: 0.33333333 | F53: 0.83333333 | G53: 0.72916667 | J53: GIRAUDO MILAGROS VIRGINIA-Jueves-17:30 | K53: AGUIRRE VILLAMIZAR OLIVER JOSE | L53: =+_xlfn.XLOOKUP(Combinar1[[#This Row],[carga.PACIENTE]],carga[PACIENTE],carga[TURNO],0,0) -> T.T
A54: ANSELMI Juliana Lourdes | B54: Psicopedagogia | C54: MP P- 12- 6337 | D54: Lunes | E54: 0.58333333 | F54: 0.83333333 | G54: 0.61458333 | J54: ANSELMI Juliana Lourdes-Lunes-14:45 | K54: JAZBEC JEREMIAS | L54: =+_xlfn.XLOOKUP(Combinar1[[#This Row],[carga.PACIENTE]],carga[PACIENTE],carga[TURNO],0,0) -> T.T
A55: PETANAS Sofia Milagros | B55: Fonoaudiologia | C55: MP 9130 | D55: Jueves | E55: 0.58333333 | F55: 0.83333333 | G55: 0.76041667 | J55: PETANAS Sofia Milagros-Jueves-18:15 | K55: IRUSTA MENA DANIEL EMILIANO | L55: =+_xlfn.XLOOKUP(Combinar1[[#This Row],[carga.PACIENTE]],carga[PACIENTE],carga[TURNO],0,0) -> 0
A56: PETANAS Sofia Milagros | B56: Fonoaudiologia | C56: MP 9130 | D56: Jueves | E56: 0.58333333 | F56: 0.83333333 | G56: 0.76041667 | J56: PETANAS Sofia Milagros-Jueves-18:15 | K56: MOLINA ALEJO JOEL | L56: =+_xlfn.XLOOKUP(Combinar1[[#This Row],[carga.PACIENTE]],carga[PACIENTE],carga[TURNO],0,0) -> T.T
A57: PETANAS Sofia Milagros | B57: Fonoaudiologia | C57: MP 9130 | D57: Jueves | E57: 0.58333333 | F57: 0.83333333 | G57: 0.76041667 | J57: PETANAS Sofia Milagros-Jueves-18:15 | K57: LOZA JUAN IGNACIO | L57: =+_xlfn.XLOOKUP(Combinar1[[#This Row],[carga.PACIENTE]],carga[PACIENTE],carga[TURNO],0,0) -> T.T
A58: ANSELMI Juliana Lourdes | B58: Psicopedagogia | C58: MP P- 12- 6337 | D58: Lunes | E58: 0.58333333 | F58: 0.83333333 | G58: 0.64583333 | J58: ANSELMI Juliana Lourdes-Lunes-15:30 | K58: NIETO ROMERO JEREMIAS JULIAN | L58: =+_xlfn.XLOOKUP(Combinar1[[#This Row],[carga.PACIENTE]],carga[PACIENTE],carga[TURNO],0,0) -> T.T
A59: CASTRO Lucia Macarena | B59: Fonoaudiologia | C59: MP 9445 | D59: Jueves | E59: 0.58333333 | F59: 0.83333333 | G59: 0.79166667 | J59: CASTRO Lucia Macarena-Jueves-19:00 | K59: SUAREZ CELESTE ABRIL | L59: =+_xlfn.XLOOKUP(Combinar1[[#This Row],[carga.PACIENTE]],carga[PACIENTE],carga[TURNO],0,0) -> T.T
A60: ANSELMI Juliana Lourdes | B60: Psicopedagogia | C60: MP P- 12- 6337 | D60: Lunes | E60: 0.58333333 | F60: 0.83333333 | G60: 0.67708333 | J60: ANSELMI Juliana Lourdes-Lunes-16:15 | L60: =+_xlfn.XLOOKUP(Combinar1[[#This Row],[carga.PACIENTE]],carga[PACIENTE],carga[TURNO],0,0) -> 0
A61: CHIESA Gisella Erica Roxana | B61: Psicologia | C61: MP 15548 | D61: Viernes | E61: 0.58333333 | F61: 0.83333333 | G61: 0.79166667 | J61: CHIESA Gisella Erica Roxana-Viernes-19:00 | K61: MATASSI TULIO ALEJANDRO | L61: =+_xlfn.XLOOKUP(Combinar1[[#This Row],[carga.PACIENTE]],carga[PACIENTE],carga[TURNO],0,0) -> T.T
A62: CHIESA Gisella Erica Roxana | B62: Psicologia | C62: MP 15548 | D62: Viernes | E62: 0.58333333 | F62: 0.83333333 | G62: 0.79166667 | J62: CHIESA Gisella Erica Roxana-Viernes-19:00 | K62: PEREZ OCTAVIO DIONICIO | L62: =+_xlfn.XLOOKUP(Combinar1[[#This Row],[carga.PACIENTE]],carga[PACIENTE],carga[TURNO],0,0) -> T.M
A63: ANSELMI Juliana Lourdes | B63: Psicopedagogia | C63: MP P- 12- 6337 | D63: Lunes | E63: 0.58333333 | F63: 0.83333333 | G63: 0.72916667 | J63: ANSELMI Juliana Lourdes-Lunes-17:30 | K63: BUSTOS GUZMAN MALEN AGUSTINA | L63: =+_xlfn.XLOOKUP(Combinar1[[#This Row],[carga.PACIENTE]],carga[PACIENTE],carga[TURNO],0,0) -> T.T
A64: ANSELMI Juliana Lourdes | B64: Psicopedagogia | C64: MP P- 12- 6337 | D64: Lunes | E64: 0.58333333 | F64: 0.83333333 | G64: 0.76041667 | J64: ANSELMI Juliana Lourdes-Lunes-18:15 | K64: DESIMONE CAMILO AGUSTIN | L64: =+_xlfn.XLOOKUP(Combinar1[[#This Row],[carga.PACIENTE]],carga[PACIENTE],carga[TURNO],0,0) -> T.T
A65: ANSELMI Juliana Lourdes | B65: Psicopedagogia | C65: MP P- 12- 6337 | D65: Lunes | E65: 0.58333333 | F65: 0.83333333 | G65: 0.79166667 | J65: ANSELMI Juliana Lourdes-Lunes-19:00 | K65: CORNEJO SAMIENTA FACUNDO NICOLAS | L65: =+_xlfn.XLOOKUP(Combinar1[[#This Row],[carga.PACIENTE]],carga[PACIENTE],carga[TURNO],0,0) -> T.T
A66: CASTRO Lucia Macarena | B66: Fonoaudiologia | C66: MP 9445 | D66: Miercoles | E66: 0.58333333 | F66: 0.83333333 | G66: 0.79166667 | J66: CASTRO Lucia Macarena-Miercoles-19:00 | K66: MONTENEGRO DEVRAN SAMUEL | L66: =+_xlfn.XLOOKUP(Combinar1[[#This Row],[carga.PACIENTE]],carga[PACIENTE],carga[TURNO],0,0) -> T.T
A67: ANSELMI Juliana Lourdes | B67: Psicopedagogia | C67: MP P- 12- 6338 | D67: Martes | E67: 0.58333333 | F67: 0.83333333 | G67: 0.58333333 | J67: ANSELMI Juliana Lourdes-Martes-14:00 | K67: ROBIN FELIPE BENJAMIN | L67: =+_xlfn.XLOOKUP(Combinar1[[#This Row],[carga.PACIENTE]],carga[PACIENTE],carga[TURNO],0,0) -> T.T
A68: GIMENEZ Agustina | B68: Fonoaudiologia | C68: MP 9348 | D68: Viernes | E68: 0.58333333 | F68: 0.83333333 | G68: 0.76041667 | J68: GIMENEZ Agustina-Viernes-18:15 | K68: PATAGUA THEO VALENTIN | L68: =+_xlfn.XLOOKUP(Combinar1[[#This Row],[carga.PACIENTE]],carga[PACIENTE],carga[TURNO],0,0) -> T.T
A69: GIMENEZ Agustina | B69: Fonoaudiologia | C69: MP 9348 | D69: Viernes | E69: 0.58333333 | F69: 0.83333333 | G69: 0.76041667 | J69: GIMENEZ Agustina-Viernes-18:15 | K69: MATASSI TULIO ALEJANDRO | L69: =+_xlfn.XLOOKUP(Combinar1[[#This Row],[carga.PACIENTE]],carga[PACIENTE],carga[TURNO],0,0) -> T.T
A70: GIMENEZ Agustina | B70: Fonoaudiologia | C70: MP 9348 | D70: Viernes | E70: 0.58333333 | F70: 0.83333333 | G70: 0.76041667 | J70: GIMENEZ Agustina-Viernes-18:15 | K70: LUDUEÑA PERALTA LUCIANO MATEO | L70: =+_xlfn.XLOOKUP(Combinar1[[#This Row],[carga.PACIENTE]],carga[PACIENTE],carga[TURNO],0,0) -> T.T
A71: ANSELMI Juliana Lourdes | B71: Psicopedagogia | C71: MP P- 12- 6338 | D71: Martes | E71: 0.58333333 | F71: 0.83333333 | G71: 0.61458333 | J71: ANSELMI Juliana Lourdes-Martes-14:45 | K71: BONZA VAZQUEZ BENJAMIN | L71: =+_xlfn.XLOOKUP(Combinar1[[#This Row],[carga.PACIENTE]],carga[PACIENTE],carga[TURNO],0,0) -> T.T
A72: ANSELMI Juliana Lourdes | B72: Psicopedagogia | C72: MP P- 12- 6338 | D72: Martes | E72: 0.58333333 | F72: 0.83333333 | G72: 0.64583333 | J72: ANSELMI Juliana Lourdes-Martes-15:30 | K72: URFALIAN EMANUEL GABRIEL | L72: =+_xlfn.XLOOKUP(Combinar1[[#This Row],[carga.PACIENTE]],carga[PACIENTE],carga[TURNO],0,0) -> T.T
... A77: ARMOA Andrea Celeste | B77: Fonoaudiologia | C77: MP 7993 | D77: Martes | E77: 0.33333333 | F77: 0.83333333 | G77: 0.47916667 | J77: ARMOA Andrea Celeste-Martes-11:30 | K77: ANTEZANA ESCOBAR THIAGO LUIS | L77: =+_xlfn.XLOOKUP(Combinar1[[#This Row],[carga.PACIENTE]],carga[PACIENTE],carga[TURNO],0,0) -> 0
A78: ANSELMI Juliana Lourdes | B78: Psicopedagogia | C78: MP P- 12- 6338 | D78: Martes | E78: 0.58333333 | F78: 0.83333333 | G78: 0.72916667 | J78: ANSELMI Juliana Lourdes-Martes-17:30 | L78: =+_xlfn.XLOOKUP(Combinar1[[#This Row],[carga.PACIENTE]],carga[PACIENTE],carga[TURNO],0,0) -> 0
A79: ARMOA Andrea Celeste | B79: Fonoaudiologia | C79: MP 7993 | D79: Martes | E79: 0.33333333 | F79: 0.83333333 | G79: 0.36458333 | J79: ARMOA Andrea Celeste-Martes-08:45 | K79: PAEZ FORMOSO LEON BENJAMIN | L79: =+_xlfn.XLOOKUP(Combinar1[[#This Row],[carga.PACIENTE]],carga[PACIENTE],carga[TURNO],0,0) -> T.M
A80: ARMOA Andrea Celeste | B80: Fonoaudiologia | C80: MP 7993 | D80: Martes | E80: 0.33333333 | F80: 0.83333333 | G80: 0.36458333 | J80: ARMOA Andrea Celeste-Martes-08:45 | K80: MARTINEZ TOMAS | L80: =+_xlfn.XLOOKUP(Combinar1[[#This Row],[carga.PACIENTE]],carga[PACIENTE],carga[TURNO],0,0) -> T.M
A81: ANSELMI Juliana Lourdes | B81: Psicopedagogia | C81: MP P- 12- 6338 | D81: Martes | E81: 0.58333333 | F81: 0.83333333 | G81: 0.76041667 | J81: ANSELMI Juliana Lourdes-Martes-18:15 | K81: AGUIRRE VILLAMIZAR OLIVER JOSE | L81: =+_xlfn.XLOOKUP(Combinar1[[#This Row],[carga.PACIENTE]],carga[PACIENTE],carga[TURNO],0,0) -> T.T
A82: ANSELMI Juliana Lourdes | B82: Psicopedagogia | C82: MP P- 12- 6338 | D82: Martes | E82: 0.58333333 | F82: 0.83333333 | G82: 0.79166667 | J82: ANSELMI Juliana Lourdes-Martes-19:00 | K82: BARRIONUEVO ZAIRA MAYLEN | L82: =+_xlfn.XLOOKUP(Combinar1[[#This Row],[carga.PACIENTE]],carga[PACIENTE],carga[TURNO],0,0) -> T.T
A83: ARMOA Andrea Celeste | B83: Fonoaudiologia | C83: MP 7993 | D83: Martes | E83: 0.33333333 | F83: 0.83333333 | G83: 0.39583333 | J83: ARMOA Andrea Celeste-Martes-09:30 | K83: FALCON MALENA AGUSTINA | L83: =+_xlfn.XLOOKUP(Combinar1[[#This Row],[carga.PACIENTE]],carga[PACIENTE],carga[TURNO],0,0) -> T.M
A84: ARMOA Andrea Celeste | B84: Fonoaudiologia | C84: MP 7993 | D84: Martes | E84: 0.33333333 | F84: 0.83333333 | G84: 0.39583333 | J84: ARMOA Andrea Celeste-Martes-09:30 | K84: GALINDEZ AMABELLA FRANCESCA | L84: =+_xlfn.XLOOKUP(Combinar1[[#This Row],[carga.PACIENTE]],carga[PACIENTE],carga[TURNO],0,0) -> T.M
A85: ANSELMI Juliana Lourdes | B85: Psicopedagogia | C85: MP P- 12- 6338 | D85: Miercoles | E85: 0.58333333 | F85: 0.83333333 | G85: 0.58333333 | J85: ANSELMI Juliana Lourdes-Miercoles-14:00 | K85: ROJAS AGUSTIN | L85: =+_xlfn.XLOOKUP(Combinar1[[#This Row],[carga.PACIENTE]],carga[PACIENTE],carga[TURNO],0,0) -> T.T
A86: ARMOA Andrea Celeste | B86: Fonoaudiologia | C86: MP 7993 | D86: Martes | E86: 0.33333333 | F86: 0.83333333 | G86: 0.44791667 | J86: ARMOA Andrea Celeste-Martes-10:45 | K86: PICHILINGUE ROMERO JUAN MARTIN | L86: =+_xlfn.XLOOKUP(Combinar1[[#This Row],[carga.PACIENTE]],carga[PACIENTE],carga[TURNO],0,0) -> T.M
A87: ARMOA Andrea Celeste | B87: Fonoaudiologia | C87: MP 7993 | D87: Martes | E87: 0.33333333 | F87: 0.83333333 | G87: 0.44791667 | J87: ARMOA Andrea Celeste-Martes-10:45 | K87: COLAZO SANCHEZ SEBASTIAN ANDRES | L87: =+_xlfn.XLOOKUP(Combinar1[[#This Row],[carga.PACIENTE]],carga[PACIENTE],carga[TURNO],0,0) -> T.M
A88: ARMOA Andrea Celeste | B88: Fonoaudiologia | C88: MP 7993 | D88: Martes | E88: 0.33333333 | F88: 0.83333333 | G88: 0.44791667 | J88: ARMOA Andrea Celeste-Martes-10:45 | K88: MONTIVERO LUDUEÑA CARLOS MAXIMILIANO | L88: =+_xlfn.XLOOKUP(Combinar1[[#This Row],[carga.PACIENTE]],carga[PACIENTE],carga[TURNO],0,0) -> T.M
A89: ANSELMI Juliana Lourdes | B89: Psicopedagogia | C89: MP P- 12- 6338 | D89: Miercoles | E89: 0.58333333 | F89: 0.83333333 | G89: 0.61458333 | J89: ANSELMI Juliana Lourdes-Miercoles-14:45 | K89: MOYANO TOMAS | L89: =+_xlfn.XLOOKUP(Combinar1[[#This Row],[carga.PACIENTE]],carga[PACIENTE],carga[TURNO],0,0) -> T.T
A90: VILCHE Carla Valeria | B90: Fonoaudiologia | C90: MP 8974 | D90: Lunes | E90: 0.33333333 | F90: 0.58333333 | G90: 0.44791667 | J90: VILCHE Carla Valeria-Lunes-10:45 | K90: LOPEZ SALAS LAUTARO MARTIN | L90: =+_xlfn.XLOOKUP(Combinar1[[#This Row],[carga.PACIENTE]],carga[PACIENTE],carga[TURNO],0,0) -> T.M
... A99: ARMOA Andrea Celeste | B99: Fonoaudiologia | C99: MP 7993 | D99: Martes | E99: 0.33333333 | F99: 0.83333333 | G99: 0.72916667 | J99: ARMOA Andrea Celeste-Martes-17:30 | K99: HEREDIA JOAQUIN | L99: =+_xlfn.XLOOKUP(Combinar1[[#This Row],[carga.PACIENTE]],carga[PACIENTE],carga[TURNO],0,0) -> T.T
A100: ANSELMI Juliana Lourdes | B100: Psicopedagogia | C100: MP P- 12- 6338 | D100: Miercoles | E100: 0.58333333 | F100: 0.83333333 | G100: 0.79166667 | J100: ANSELMI Juliana Lourdes-Miercoles-19:00 | L100: =+_xlfn.XLOOKUP(Combinar1[[#This Row],[carga.PACIENTE]],carga[PACIENTE],carga[TURNO],0,0) -> 0
A101: ARMOA Andrea Celeste | B101: Fonoaudiologia | C101: MP 7993 | D101: Martes | E101: 0.33333333 | F101: 0.83333333 | G101: 0.76041667 | J101: ARMOA Andrea Celeste-Martes-18:15 | K101: GUTIERREZ OLAVE CRISTOBAL NICOLAS | L101: =+_xlfn.XLOOKUP(Combinar1[[#This Row],[carga.PACIENTE]],carga[PACIENTE],carga[TURNO],0,0) -> T.T
A102: ARMOA Andrea Celeste | B102: Fonoaudiologia | C102: MP 7993 | D102: Martes | E102: 0.33333333 | F102: 0.83333333 | G102: 0.76041667 | J102: ARMOA Andrea Celeste-Martes-18:15 | K102: PATAGUA THEO VALENTIN | L102: =+_xlfn.XLOOKUP(Combinar1[[#This Row],[carga.PACIENTE]],carga[PACIENTE],carga[TURNO],0,0) -> T.T
A103: ANSELMI Juliana Lourdes | B103: Psicopedagogia | C103: MP P- 12- 6339 | D103: Jueves | E103: 0.58333333 | F103: 0.83333333 | G103: 0.58333333 | J103: ANSELMI Juliana Lourdes-Jueves-14:00 | L103: =+_xlfn.XLOOKUP(Combinar1[[#This Row],[carga.PACIENTE]],carga[PACIENTE],carga[TURNO],0,0) -> 0
A104: ANSELMI Juliana Lourdes | B104: Psicopedagogia | C104: MP P- 12- 6339 | D104: Jueves | E104: 0.58333333 | F104: 0.83333333 | G104: 0.61458333 | J104: ANSELMI Juliana Lourdes-Jueves-14:45 | K104: ROBIN FELIPE BENJAMIN | L104: =+_xlfn.XLOOKUP(Combinar1[[#This Row],[carga.PACIENTE]],carga[PACIENTE],carga[TURNO],0,0) -> T.T
A105: ANSELMI Juliana Lourdes | B105: Psicopedagogia | C105: MP P- 12- 6339 | D105: Jueves | E105: 0.58333333 | F105: 0.83333333 | G105: 0.61458333 | J105: ANSELMI Juliana Lourdes-Jueves-14:45 | K105: HOYOS LEIVA IGNACIO | L105: =+_xlfn.XLOOKUP(Combinar1[[#This Row],[carga.PACIENTE]],carga[PACIENTE],carga[TURNO],0,0) -> T.T
A106: BARRIA VAZQUEZ Luciana ALicia | B106: Fonoaudiologia | C106: MP 9398 | D106: Lunes | E106: 0.58333333 | F106: 0.83333333 | G106: 0.61458333 | J106: BARRIA VAZQUEZ Luciana ALicia-Lunes-14:45 | K106: ROBIN FELIPE BENJAMIN | L106: =+_xlfn.XLOOKUP(Combinar1[[#This Row],[carga.PACIENTE]],carga[PACIENTE],carga[TURNO],0,0) -> T.T
A107: ANSELMI Juliana Lourdes | B107: Psicopedagogia | C107: MP P- 12- 6339 | D107: Jueves | E107: 0.58333333 | F107: 0.83333333 | G107: 0.64583333 | J107: ANSELMI Juliana Lourdes-Jueves-15:30 | K107: VIJARRA JOAQUIN EMILIANO | L107: =+_xlfn.XLOOKUP(Combinar1[[#This Row],[carga.PACIENTE]],carga[PACIENTE],carga[TURNO],0,0) -> T.T
A108: ARMOA Andrea Celeste | B108: Fonoaudiologia | C108: MP 7993 | D108: Jueves | E108: 0.58333333 | F108: 0.83333333 | G108: 0.61458333 | J108: ARMOA Andrea Celeste-Jueves-14:45 | K108: VARELA CIRO | L108: =+_xlfn.XLOOKUP(Combinar1[[#This Row],[carga.PACIENTE]],carga[PACIENTE],carga[TURNO],0,0) -> T.T
A109: ANSELMI Juliana Lourdes | B109: Psicopedagogia | C109: MP P- 12- 6339 | D109: Jueves | E109: 0.58333333 | F109: 0.83333333 | G109: 0.67708333 | J109: ANSELMI Juliana Lourdes-Jueves-16:15 | K109: LEITON LUCAS NICOLAS | L109: =+_xlfn.XLOOKUP(Combinar1[[#This Row],[carga.PACIENTE]],carga[PACIENTE],carga[TURNO],0,0) -> T.T
A110: ANSELMI Juliana Lourdes | B110: Psicopedagogia | C110: MP P- 12- 6339 | D110: Jueves | E110: 0.58333333 | F110: 0.83333333 | G110: 0.67708333 | J110: ANSELMI Juliana Lourdes-Jueves-16:15 | K110: REYES FERREYRA AIXA YAZMIN | L110: =+_xlfn.XLOOKUP(Combinar1[[#This Row],[carga.PACIENTE]],carga[PACIENTE],carga[TURNO],0,0) -> T.T
A111: ARMOA Andrea Celeste | B111: Fonoaudiologia | C111: MP 7993 | D111: Jueves | E111: 0.58333333 | F111: 0.83333333 | G111: 0.64583333 | J111: ARMOA Andrea Celeste-Jueves-15:30 | K111: CAROLI VILLARREAL AXEL BENJAMIN | L111: =+_xlfn.XLOOKUP(Combinar1[[#This Row],[carga.PACIENTE]],carga[PACIENTE],carga[TURNO],0,0) -> T.T
A112: ANSELMI Juliana Lourdes | B112: Psicopedagogia | C112: MP P- 12- 6339 | D112: Jueves | E112: 0.58333333 | F112: 0.83333333 | G112: 0.72916667 | J112: ANSELMI Juliana Lourdes-Jueves-17:30 | K112: JACOME MAMANI MANUEL | L112: =+_xlfn.XLOOKUP(Combinar1[[#This Row],[carga.PACIENTE]],carga[PACIENTE],carga[TURNO],0,0) -> T.T
A113: ANSELMI Juliana Lourdes | B113: Psicopedagogia | C113: MP P- 12- 6339 | D113: Jueves | E113: 0.58333333 | F113: 0.83333333 | G113: 0.72916667 | J113: ANSELMI Juliana Lourdes-Jueves-17:30 | K113: OLIVARES LUNA JOSUE DANYEL | L113: =+_xlfn.XLOOKUP(Combinar1[[#This Row],[carga.PACIENTE]],carga[PACIENTE],carga[TURNO],0,0) -> T.T
A114: ANSELMI Juliana Lourdes | B114: Psicopedagogia | C114: MP P- 12- 6339 | D114: Jueves | E114: 0.58333333 | F114: 0.83333333 | G114: 0.76041667 | J114: ANSELMI Juliana Lourdes-Jueves-18:15 | K114: FLINT CONSTANTINO | L114: =+_xlfn.XLOOKUP(Combinar1[[#This Row],[carga.PACIENTE]],carga[PACIENTE],carga[TURNO],0,0) -> T.T
A115: ARMOA Andrea Celeste | B115: Fonoaudiologia | C115: MP 7993 | D115: Jueves | E115: 0.58333333 | F115: 0.83333333 | G115: 0.72916667 | J115: ARMOA Andrea Celeste-Jueves-17:30 | K115: HEREDIA JOAQUIN | L115: =+_xlfn.XLOOKUP(Combinar1[[#This Row],[carga.PACIENTE]],carga[PACIENTE],carga[TURNO],0,0) -> T.T
...

Sheet TABLA COMBINADA
A1: Apellido y Nombre | B1: Servicio | C1: Matricula | D1: dia | E1: desde | F1: hasta | G1: desde hasta | H1: Combinada | I1: carga.PACIENTE
A2: AUTALAN Julieta | B2: Psicologia | C2: MP 15571 | D2: J | E2: 0.58333333 | F2: 0.83333333 | G2: 0.58333333 | H2: AUTALAN Julieta-J-14:00
A3: AUTALAN Julieta | B3: Psicologia | C3: MP 15571 | D3: J | E3: 0.58333333 | F3: 0.83333333 | G3: 0.61458333 | H3: AUTALAN Julieta-J-14:45
A4: AUTALAN Julieta | B4: Psicologia | C4: MP 15571 | D4: J | E4: 0.58333333 | F4: 0.83333333 | G4: 0.64583333 | H4: AUTALAN Julieta-J-15:30
A5: AUTALAN Julieta | B5: Psicologia | C5: MP 15571 | D5: J | E5: 0.58333333 | F5: 0.83333333 | G5: 0.67708333 | H5: AUTALAN Julieta-J-16:15
A6: AUTALAN Julieta | B6: Psicologia | C6: MP 15571 | D6: J | E6: 0.58333333 | F6: 0.83333333 | G6: 0.72916667 | H6: AUTALAN Julieta-J-17:30
A7: AUTALAN Julieta | B7: Psicologia | C7: MP 15571 | D7: J | E7: 0.58333333 | F7: 0.83333333 | G7: 0.79166667 | H7: AUTALAN Julieta-J-19:00
A8: AUTALAN Julieta | B8: Psicologia | C8: MP 15571 | D8: L | E8: 0.58333333 | F8: 0.83333333 | G8: 0.58333333 | H8: AUTALAN Julieta-L-14:00
A9: AUTALAN Julieta | B9: Psicologia | C9: MP 15571 | D9: L | E9: 0.58333333 | F9: 0.83333333 | G9: 0.61458333 | H9: AUTALAN Julieta-L-14:45
A10: AUTALAN Julieta | B10: Psicologia | C10: MP 15571 | D10: L | E10: 0.58333333 | F10: 0.83333333 | G10: 0.64583333 | H10: AUTALAN Julieta-L-15:30
A11: AUTALAN Julieta | B11: Psicologia | C11: MP 15571 | D11: L | E11: 0.58333333 | F11: 0.83333333 | G11: 0.67708333 | H11: AUTALAN Julieta-L-16:15
A12: AUTALAN Julieta | B12: Psicologia | C12: MP 15571 | D12: L | E12: 0.58333333 | F12: 0.83333333 | G12: 0.72916667 | H12: AUTALAN Julieta-L-17:30
A13: AUTALAN Julieta | B13: Psicologia | C13: MP 15571 | D13: L | E13: 0.58333333 | F13: 0.83333333 | G13: 0.79166667 | H13: AUTALAN Julieta-L-19:00
... A427: CORTEZ Carolina Anahi | B427: Psicopedagogia | C427: MP 12-6256 | D427: V | E427: 0.58333333 | F427: 0.83333333 | G427: 0.79166667 | H427: CORTEZ Carolina Anahi-V-19:00
A428: FERRUCCI MAria Sol | B428: Psicopedagogia | D428: J | E428: 0.58333333 | F428: 0.83333333 | G428: 0.58333333 | H428: FERRUCCI MAria Sol-J-14:00
A429: FERRUCCI MAria Sol | B429: Psicopedagogia | D429: J | E429: 0.58333333 | F429: 0.83333333 | G429: 0.61458333 | H429: FERRUCCI MAria Sol-J-14:45
A430: FERRUCCI MAria Sol | B430: Psicopedagogia | D430: J | E430: 0.58333333 | F430: 0.83333333 | G430: 0.64583333 | H430: FERRUCCI MAria Sol-J-15:30
A431: FERRUCCI MAria Sol | B431: Psicopedagogia | D431: J | E431: 0.58333333 | F431: 0.83333333 | G431: 0.67708333 | H431: FERRUCCI MAria Sol-J-16:15
A432: FERRUCCI MAria Sol | B432: Psicopedagogia | D432: J | E432: 0.58333333 | F432: 0.83333333 | G432: 0.72916667 | H432: FERRUCCI MAria Sol-J-17:30
A433: FERRUCCI MAria Sol | B433: Psicopedagogia | D433: J | E433: 0.58333333 | F433: 0.83333333 | G433: 0.79166667 | H433: FERRUCCI MAria Sol-J-19:00
A434: FERRUCCI MAria Sol | B434: Psicopedagogia | D434: L | E434: 0.58333333 | F434: 0.83333333 | G434: 0.58333333 | H434: FERRUCCI MAria Sol-L-14:00
A435: FERRUCCI MAria Sol | B435: Psicopedagogia | D435: L | E435: 0.58333333 | F435: 0.83333333 | G435: 0.61458333 | H435: FERRUCCI MAria Sol-L-14:45
A436: FERRUCCI MAria Sol | B436: Psicopedagogia | D436: L | E436: 0.58333333 | F436: 0.83333333 | G436: 0.64583333 | H436: FERRUCCI MAria Sol-L-15:30
A437: FERRUCCI MAria Sol | B437: Psicopedagogia | D437: L | E437: 0.58333333 | F437: 0.83333333 | G437: 0.67708333 | H437: FERRUCCI MAria Sol-L-16:15
A438: FERRUCCI MAria Sol | B438: Psicopedagogia | D438: L | E438: 0.58333333 | F438: 0.83333333 | G438: 0.72916667 | H438: FERRUCCI MAria Sol-L-17:30
A439: FERRUCCI MAria Sol | B439: Psicopedagogia | D439: L | E439: 0.58333333 | F439: 0.83333333 | G439: 0.79166667 | H439: FERRUCCI MAria Sol-L-19:00
... A445: FERRUCCI MAria Sol | B445: Psicopedagogia | D445: V | E445: 0.58333333 | F445: 0.83333333 | G445: 0.79166667 | H445: FERRUCCI MAria Sol-V-19:00
A446: GARCIA Nadia | B446: Psicopedagogia | C446: MP 12-6309 | D446: J | E446: 0.58333333 | F446: 0.83333333 | G446: 0.58333333 | H446: GARCIA Nadia-J-14:00
A447: GARCIA Nadia | B447: Psicopedagogia | C447: MP 12-6309 | D447: J | E447: 0.58333333 | F447: 0.83333333 | G447: 0.61458333 | H447: GARCIA Nadia-J-14:45
A448: GARCIA Nadia | B448: Psicopedagogia | C448: MP 12-6309 | D448: J | E448: 0.58333333 | F448: 0.83333333 | G448: 0.64583333 | H448: GARCIA Nadia-J-15:30
A449: GARCIA Nadia | B449: Psicopedagogia | C449: MP 12-6309 | D449: J | E449: 0.58333333 | F449: 0.83333333 | G449: 0.67708333 | H449: GARCIA Nadia-J-16:15
A450: GARCIA Nadia | B450: Psicopedagogia | C450: MP 12-6309 | D450: J | E450: 0.58333333 | F450: 0.83333333 | G450: 0.72916667 | H450: GARCIA Nadia-J-17:30
A451: GARCIA Nadia | B451: Psicopedagogia | C451: MP 12-6309 | D451: J | E451: 0.58333333 | F451: 0.83333333 | G451: 0.79166667 | H451: GARCIA Nadia-J-19:00
A452: GARCIA Nadia | B452: Psicopedagogia | C452: MP 12-6309 | D452: L | E452: 0.58333333 | F452: 0.83333333 | G452: 0.58333333 | H452: GARCIA Nadia-L-14:00
A453: GARCIA Nadia | B453: Psicopedagogia | C453: MP 12-6309 | D453: L | E453: 0.58333333 | F453: 0.83333333 | G453: 0.61458333 | H453: GARCIA Nadia-L-14:45
A454: GARCIA Nadia | B454: Psicopedagogia | C454: MP 12-6309 | D454: L | E454: 0.58333333 | F454: 0.83333333 | G454: 0.64583333 | H454: GARCIA Nadia-L-15:30
A455: GARCIA Nadia | B455: Psicopedagogia | C455: MP 12-6309 | D455: L | E455: 0.58333333 | F455: 0.83333333 | G455: 0.67708333 | H455: GARCIA Nadia-L-16:15
A456: GARCIA Nadia | B456: Psicopedagogia | C456: MP 12-6309 | D456: L | E456: 0.58333333 | F456: 0.83333333 | G456: 0.72916667 | H456: GARCIA Nadia-L-17:30
A457: GARCIA Nadia | B457: Psicopedagogia | C457: MP 12-6309 | D457: L | E457: 0.58333333 | F457: 0.83333333 | G457: 0.79166667 | H457: GARCIA Nadia-L-19:00
... A694: APELANS Juan Pablo | B694: Psicologia | C694: MP 13968 | D694: Mi | E694: 0.58333333 | F694: 0.70833333 | G694: 0.67708333 | H694: APELANS Juan Pablo-Mi-16:15
A695: ARABIA Amira Nair | B695: Fonoaudiologia | C695: MP 9446 | D695: L | E695: 0.58333333 | F695: 0.58333333 | H695: ARABIA Amira Nair-L
A696: ARMOA Andrea Celeste | B696: Fonoaudiologia | C696: MP 7993 | D696: L | E696: 0.41666667 | F696: 0.60416667 | G696: 0.44791667 | H696: ARMOA Andrea Celeste-L-10:45
A697: ARMOA Andrea Celeste | B697: Fonoaudiologia | C697: MP 7993 | D697: L | E697: 0.41666667 | F697: 0.60416667 | G697: 0.47916667 | H697: ARMOA Andrea Celeste-L-11:30
A698: ARMOA Andrea Celeste | B698: Fonoaudiologia | C698: MP 7993 | D698: L | E698: 0.41666667 | F698: 0.60416667 | G698: 0.51041667 | H698: ARMOA Andrea Celeste-L-12:15
A699: ARMOA Andrea Celeste | B699: Fonoaudiologia | C699: MP 7993 | D699: L | E699: 0.41666667 | F699: 0.60416667 | G699: 0.54166667 | H699: ARMOA Andrea Celeste-L-13:00
A700: ARMOA Andrea Celeste | B700: Fonoaudiologia | C700: MP 7993 | D700: V | E700: 0.41666667 | F700: 0.5 | G700: 0.44791667 | H700: ARMOA Andrea Celeste-V-10:45
A701: ARMOA Andrea Celeste | B701: Fonoaudiologia | C701: MP 7993 | D701: V | E701: 0.41666667 | F701: 0.5 | G701: 0.47916667 | H701: ARMOA Andrea Celeste-V-11:30
A702: BENEDETTO Andres Esteban | B702: Psicologia | C702: MP 11726 | D702: L | E702: 0.375 | F702: 0.58333333 | G702: 0.44791667 | H702: BENEDETTO Andres Esteban-L-10:45
A703: BENEDETTO Andres Esteban | B703: Psicologia | C703: MP 11726 | D703: V | E703: 0.375 | F703: 0.58333333 | G703: 0.44791667 | H703: BENEDETTO Andres Esteban-V-10:45
A704: VILLARRETA Yanet Denise | B704: Psicomotricidad | C704: MP 12070 | D704: J | E704: 0.54166667 | F704: 0.75 | G704: 0.54166667 | H704: VILLARRETA Yanet Denise-J-13:00
A705: VILLARRETA Yanet Denise | B705: Psicomotricidad | C705: MP 12070 | D705: J | E705: 0.54166667 | F705: 0.75 | G705: 0.72916667 | H705: VILLARRETA Yanet Denise-J-17:30
A706: VILLARRETA Yanet Denise | B706: Psicomotricidad | C706: MP 12070 | D706: M | E706: 0.54166667 | F706: 0.75 | G706: 0.54166667 | H706: VILLARRETA Yanet Denise-M-13:00
A707: VILLARRETA Yanet Denise | B707: Psicomotricidad | C707: MP 12070 | D707: M | E707: 0.54166667 | F707: 0.75 | G707: 0.72916667 | H707: VILLARRETA Yanet Denise-M-17:30
... A942: VILLARRETA Yanet Denise | B942: Psicomotricidad | C942: MP 12070 | D942: V | E942: 0.33333333 | F942: 0.58333333 | G942: 0.42708333 | H942: VILLARRETA Yanet Denise-V-10:15

Sheet VISTA COORDIS
B1: VISTA COORDINADORAS
U2: vista cantidad de sesiones por servicio, dia y hora
B3: - | H3: dia | U3: Cuenta de PACIENTE | W3: dia
B4: DIA | C4: HORA | D4: PACIENTE | E4: profesional | F4: Horas (hora) | G4: hora | H4: Lunes | I4: Martes | J4: Miercoles | K4: Jueves | L4: Viernes | M4: sin dia asignado | N4: sesiones semanales | U4: PRESTACION (Inserte 1 Fila x Prestacion x Paciente) | V4: HORA | W4: Lunes | X4: Martes | Y4: Miercoles | Z4: Jueves | AA4: Viernes | AB4: sin dia asignado | AC4: sesiones semanales
B5: Lunes | C5: 0.33333333 | D5: CARABAJAL PINEDA THIAGO EZEQUIEL | E5: OLIVA Lucas Julian | F5: 8 | G5: 0.33333333 | H5: 1 | N5: 1 | U5: Fono | V5: 0 | AB5: 1 | AC5: 1
C6: 0.33333333 | D6: CARABAJAL PINEDA THIAGO EZEQUIEL | F6: Total 8 | H6: 1 | N6: 1 | V6: 0.33333333 | W6: 2 | X6: 6 | Y6: 3 | Z6: 3 | AA6: 4 | AC6: 18
C7: 0.33333333 | D7: PEREZ LUIS SANTIAGO | E7: GOMEZ MARTINA Carolina | F7: 8 | G7: 0.33333333 | H7: 1 | N7: 1 | V7: 0.36458333 | W7: 4 | X7: 9 | Y7: 6 | Z7: 7 | AA7: 9 | AC7: 35
C8: 0.33333333 | D8: PEREZ LUIS SANTIAGO | F8: Total 8 | H8: 1 | N8: 1 | V8: 0.39583333 | W8: 4 | X8: 4 | Y8: 4 | Z8: 2 | AA8: 7 | AC8: 21
C9: 0.33333333 | D9: SUAREZ SOLANGE YAZMIN | E9: LEMA Luz Candela | F9: 8 | G9: 0.33333333 | H9: 1 | N9: 1 | V9: 0.44791667 | W9: 6 | X9: 7 | Y9: 5 | Z9: 3 | AA9: 4 | AC9: 25
C10: 0.33333333 | D10: SUAREZ SOLANGE YAZMIN | F10: Total 8 | H10: 1 | N10: 1 | V10: 0.47916667 | W10: 4 | X10: 4 | Y10: 4 | Z10: 3 | AA10: 3 | AC10: 18
C11: 0.33333333 | D11: MONSERRAT GARCIA JONAS EZEQUIEL | E11: FERREYRA Jennifer Magali | F11: 8 | G11: 0.33333333 | H11: 1 | N11: 1 | V11: 0.51041667 | W11: 2 | X11: 3 | Y11: 4 | Z11: 2 | AA11: 1 | AC11: 12
C12: 0.33333333 | D12: MONSERRAT GARCIA JONAS EZEQUIEL | F12: Total 8 | H12: 1 | N12: 1 | V12: 0.54166667 | X12: 1 | AC12: 1
C13: 0.33333333 | D13: TISSERA MONICA ANDREA | E13: CONDORI Jose Hugo | F13: 8 | G13: 0.33333333 | H13: 1 | N13: 1 | V13: 0.58333333 | W13: 3 | X13: 4 | Y13: 3 | Z13: 4 | AA13: 3 | AC13: 17
C14: 0.33333333 | D14: TISSERA MONICA ANDREA | F14: Total 8 | H14: 1 | N14: 1 | V14: 0.61458333 | W14: 5 | X14: 6 | Y14: 5 | Z14: 5 | AA14: 4 | AC14: 25
C15: 0.33333333 | D15: SOSA CINTIA PAOLA | E15: ARANDA Karina Alejandra | F15: 8 | G15: 0.33333333 | H15: 1 | N15: 1 | V15: 0.64583333 | W15: 5 | X15: 7 | Y15: 8 | Z15: 6 | AA15: 2 | AC15: 28
C16: 0.33333333 | D16: SOSA CINTIA PAOLA | F16: Total 8 | H16: 1 | N16: 1 | V16: 0.67708333 | W16: 5 | X16: 6 | Y16: 6 | Z16: 8 | AA16: 4 | AC16: 29
C17: 0.33333333 | D17: CARABAJAL BELEN MICAELA | E17: BARRIA VAZQUEZ Luciana ALicia | F17: 8 | G17: 0.33333333 | H17: 1 | N17: 1 | V17: 0.72916667 | W17: 7 | X17: 11 | Y17: 9 | Z17: 7 | AA17: 4 | AC17: 38
C18: 0.33333333 | D18: CARABAJAL BELEN MICAELA | F18: Total 8 | H18: 1 | N18: 1 | V18: 0.76041667 | W18: 7 | X18: 10 | Y18: 8 | Z18: 11 | AA18: 8 | AC18: 44
C19: 0.33333333 | D19: PINTO JESICA NOELIA | E19: CASTAGNO Melina Eliana | F19: 8 | G19: 0.33333333 | H19: 1 | N19: 1 | V19: 0.79166667 | W19: 5 | X19: 7 | Y19: 8 | Z19: 7 | AA19: 3 | AC19: 30
C20: 0.33333333 | D20: PINTO JESICA NOELIA | F20: Total 8 | H20: 1 | N20: 1 | V20: (en blanco) | W20: 2 | X20: 3 | Z20: 3 | AA20: 3 | AC20: 11
C21: 0.33333333 | D21: TORRES SPADORSI FRANCCESCA | E21: LAZO Ana Magdalena | F21: 8 | G21: 0.33333333 | H21: 1 | N21: 1 | U21: Total Fono | W21: 61 | X21: 88 | Y21: 73 | Z21: 71 | AA21: 59 | AB21: 1 | AC21: 353
C22: 0.33333333 | D22: TORRES SPADORSI FRANCCESCA | F22: Total 8 | H22: 1 | N22: 1 | U22: Kine | V22: 0.33333333 | W22: 2 | X22: 1 | Y22: 2 | Z22: 2 | AA22: 1 | AC22: 8
C23: 0.36458333 | D23: CARABAJAL PINEDA THIAGO EZEQUIEL | E23: TOLEDO Sofia del Milagro | F23: 8 | G23: 0.36458333 | H23: 1 | N23: 1 | V23: 0.36458333 | W23: 2 | X23: 1 | Y23: 2 | Z23: 2 | AA23: 2 | AC23: 9
C24: 0.36458333 | D24: CARABAJAL PINEDA THIAGO EZEQUIEL | F24: Total 8 | H24: 1 | N24: 1 | V24: 0.39583333 | W24: 2 | X24: 1 | Y24: 2 | Z24: 2 | AA24: 2 | AC24: 9
C25: 0.36458333 | D25: PEREZ LUIS SANTIAGO | E25: LAZO Ana Magdalena | F25: 8 | G25: 0.36458333 | H25: 1 | N25: 1 | V25: 0.44791667 | W25: 2 | Y25: 2 | Z25: 2 | AA25: 1 | AC25: 7
C26: 0.36458333 | D26: PEREZ LUIS SANTIAGO | F26: Total 8 | H26: 1 | N26: 1 | V26: 0.47916667 | W26: 2 | X26: 1 | Y26: 3 | Z26: 2 | AA26: 2 | AC26: 10
C27: 0.36458333 | D27: SUAREZ SOLANGE YAZMIN | E27: LAZO Ana Magdalena | F27: 8 | G27: 0.36458333 | H27: 1 | N27: 1 | V27: 0.51041667 | W27: 2 | X27: 1 | Y27: 3 | Z27: 1 | AA27: 2 | AC27: 9
C28: 0.36458333 | D28: SUAREZ SOLANGE YAZMIN | F28: Total 8 | H28: 1 | N28: 1 | V28: 0.54166667 | X28: 1 | AA28: 1 | AC28: 2
C29: 0.36458333 | D29: MARTINEZ PAUCAR JULIETA VICTORIA | E29: de MEDEIROS Micaela | F29: 8 | G29: 0.36458333 | H29: 1 | N29: 1 | V29: 0.58333333 | X29: 2 | Y29: 1 | Z29: 1 | AA29: 1 | AC29: 5
C30: 0.36458333 | D30: MARTINEZ PAUCAR JULIETA VICTORIA | F30: Total 8 | H30: 1 | N30: 1 | V30: 0.61458333 | W30: 1 | X30: 1 | Y30: 2 | Z30: 2 | AA30: 2 | AC30: 8
C31: 0.36458333 | D31: MARTINEZ PAUCAR JULIETA VICTORIA | E31: CONDORI Jose Hugo | F31: 8 | G31: 0.36458333 | H31: 1 | N31: 1 | V31: 0.64583333 | X31: 1 | Y31: 3 | Z31: 1 | AA31: 2 | AC31: 7
C32: 0.36458333 | D32: MARTINEZ PAUCAR JULIETA VICTORIA | F32: Total 8 | H32: 1 | N32: 1 | V32: 0.67708333 | X32: 1 | Y32: 2 | Z32: 2 | AA32: 2 | AC32: 7
C33: 0.36458333 | D33: MANCINI MEDINA UZIEL JEREMIAS | E33: FERREYRA Jennifer Magali | F33: 8 | G33: 0.36458333 | H33: 1 | N33: 1 | V33: 0.72916667 | W33: 4 | X33: 2 | Y33: 2 | Z33: 3 | AA33: 2 | AC33: 13
C34: 0.36458333 | D34: MANCINI MEDINA UZIEL JEREMIAS | F34: Total 8 | H34: 1 | N34: 1 | V34: 0.76041667 | W34: 2 | X34: 3 | Y34: 2 | Z34: 4 | AA34: 2 | AC34: 13
C35: 0.36458333 | D35: GODOY SANTIAGO | E35: LEMA Luz Candela | F35: 8 | G35: 0.36458333 | H35: 1 | N35: 1 | V35: 0.79166667 | W35: 2 | X35: 2 | Y35: 2 | Z35: 1 | AC35: 7
C36: 0.36458333 | D36: GODOY SANTIAGO | F36: Total 8 | H36: 1 | N36: 1 | V36: (en blanco) | X36: 3 | Z36: 1 | AA36: 1 | AC36: 5
C37: 0.36458333 | D37: SOSA CINTIA PAOLA | E37: CASTAGNO Melina Eliana | F37: 8 | G37: 0.36458333 | H37: 1 | N37: 1 | U37: Total Kine | W37: 21 | X37: 21 | Y37: 28 | Z37: 26 | AA37: 23 | AC37: 119
C38: 0.36458333 | D38: SOSA CINTIA PAOLA | F38: Total 8 | H38: 1 | N38: 1 | U38: Psico | V38: 0.33333333 | W38: 1 | X38: 3 | Y38: 1 | Z38: 3 | AA38: 2 | AC38: 10
C39: 0.36458333 | D39: CARABAJAL BELEN MICAELA | E39: ARANDA Karina Alejandra | F39: 8 | G39: 0.36458333 | H39: 1 | N39: 1 | V39: 0.36458333 | W39: 2 | X39: 5 | Y39: 3 | Z39: 4 | AC39: 14
C40: 0.36458333 | D40: CARABAJAL BELEN MICAELA | F40: Total 8 | H40: 1 | N40: 1 | V40: 0.39583333 | W40: 2 | X40: 2 | Y40: 3 | Z40: 3 | AA40: 2 | AC40: 12
C41: 0.36458333 | D41: PINTO JESICA NOELIA | E41: BARRIA VAZQUEZ Luciana ALicia | F41: 8 | G41: 0.36458333 | H41: 1 | N41: 1 | V41: 0.44791667 | W41: 4 | X41: 3 | Y41: 1 | Z41: 3 | AA41: 4 | AC41: 15
C42: 0.36458333 | D42: PINTO JESICA NOELIA | F42: Total 8 | H42: 1 | N42: 1 | V42: 0.47916667 | Y42: 1 | Z42: 3 | AA42: 2 | AC42: 6
C43: 0.36458333 | D43: GOROSITO FRANCISCO DANIEL | E43: OLIVA Lucas Julian | F43: 8 | G43: 0.36458333 | H43: 1 | N43: 1 | V43: 0.51041667 | W43: 1 | X43: 2 | Y43: 3 | Z43: 3 | AA43: 2 | AC43: 11
C44: 0.36458333 | D44: GOROSITO FRANCISCO DANIEL | F44: Total 8 | H44: 1 | N44: 1 | V44: 0.54166667 | Z44: 1 | AA44: 1 | AC44: 2
C45: 0.36458333 | D45: TORRES SPADORSI FRANCCESCA | E45: GOMEZ MARTINA Carolina | F45: 8 | G45: 0.36458333 | H45: 1 | N45: 1 | V45: 0.58333333 | W45: 1 | X45: 2 | Y45: 3 | Z45: 2 | AA45: 1 | AC45: 9
C46: 0.36458333 | D46: TORRES SPADORSI FRANCCESCA | F46: Total 8 | H46: 1 | N46: 1 | V46: 0.61458333 | W46: 4 | X46: 5 | Y46: 1 | Z46: 4 | AA46: 1 | AC46: 15
C47: 0.39583333 | D47: HEREDIA OLIVERA VALENTINO | E47: BARRIA VAZQUEZ Luciana ALicia | F47: 9 | G47: 0.39583333 | H47: 1 | N47: 1 | V47: 0.64583333 | W47: 5 | X47: 7 | Y47: 2 | Z47: 4 | AA47: 2 | AC47: 20
C48: 0.39583333 | D48: HEREDIA OLIVERA VALENTINO | F48: Total 9 | H48: 1 | N48: 1 | V48: 0.67708333 | W48: 3 | X48: 8 | Y48: 6 | Z48: 4 | AA48: 3 | AC48: 24
C49: 0.39583333 | D49: CARABAJAL PINEDA THIAGO EZEQUIEL | E49: LEMA Luz Candela | F49: 9 | G49: 0.39583333 | H49: 1 | N49: 1 | V49: 0.72916667 | W49: 4 | X49: 3 | Y49: 5 | Z49: 5 | AA49: 2 | AC49: 19
C50: 0.39583333 | D50: CARABAJAL PINEDA THIAGO EZEQUIEL | F50: Total 9 | H50: 1 | N50: 1 | V50: 0.76041667 | W50: 6 | X50: 7 | Y50: 5 | Z50: 5 | AA50: 3 | AC50: 26
C51: 0.39583333 | D51: MOYANO MATEO JULIAN | E51: CONDORI Jose Hugo | F51: 9 | G51: 0.39583333 | H51: 1 | N51: 1 | V51: 0.79166667 | W51: 6 | X51: 6 | Y51: 4 | Z51: 5 | AA51: 2 | AC51: 23
C52: 0.39583333 | D52: MOYANO MATEO JULIAN | F52: Total 9 | H52: 1 | N52: 1 | V52: (en blanco) | W52: 5 | X52: 2 | Y52: 1 | Z52: 1 | AA52: 1 | AC52: 10
C53: 0.39583333 | D53: SUAREZ SOLANGE YAZMIN | E53: GOMEZ MARTINA Carolina | F53: 9 | G53: 0.39583333 | H53: 1 | N53: 1 | U53: Total Psico | W53: 44 | X53: 55 | Y53: 39 | Z53: 50 | AA53: 28 | AC53: 216
C54: 0.39583333 | D54: SUAREZ SOLANGE YAZMIN | F54: Total 9 | H54: 1 | N54: 1 | U54: Psico Fliar | V54: 0.33333333 | X54: 1 | Y54: 1 | AA54: 3 | AC54: 5
C55: 0.39583333 | D55: CARISSIMO CACERES JUAN AGUSTIN | E55: LEMA Luz Candela | F55: 9 | G55: 0.39583333 | H55: 1 | N55: 1 | V55: 0.36458333 | Y55: 1 | Z55: 2 | AA55: 4 | AC55: 7
C56: 0.39583333 | D56: CARISSIMO CACERES JUAN AGUSTIN | F56: Total 9 | H56: 1 | N56: 1 | V56: 0.39583333 | Y56: 2 | AA56: 2 | AC56: 4
C57: 0.39583333 | D57: MARTINEZ PAUCAR JULIETA VICTORIA | E57: LAZO Ana Magdalena | F57: 9 | G57: 0.39583333 | H57: 1 | N57: 1 | V57: 0.44791667 | Y57: 2 | Z57: 3 | AA57: 2 | AC57: 7
C58: 0.39583333 | D58: MARTINEZ PAUCAR JULIETA VICTORIA | F58: Total 9 | H58: 1 | N58: 1 | V58: 0.47916667 | W58: 1 | X58: 3 | Y58: 2 | AA58: 2 | AC58: 8
C59: 0.39583333 | D59: MANCINI MEDINA UZIEL JEREMIAS | E59: TOLEDO Sofia del Milagro | F59: 9 | G59: 0.39583333 | H59: 1 | N59: 1 | V59: 0.51041667 | X59: 1 | AA59: 1 | AC59: 2
C60: 0.39583333 | D60: MANCINI MEDINA UZIEL JEREMIAS | F60: Total 9 | H60: 1 | N60: 1 | V60: 0.58333333 | X60: 2 | Y60: 1 | AA60: 1 | AC60: 4
C61: 0.39583333 | D61: MONSERRAT GARCIA JONAS EZEQUIEL | E61: TOLEDO Sofia del Milagro | F61: 9 | G61: 0.39583333 | H61: 1 | N61: 1 | V61: 0.61458333 | X61: 3 | Z61: 1 | AA61: 1 | AC61: 5
C62: 0.39583333 | D62: MONSERRAT GARCIA JONAS EZEQUIEL | F62: Total 9 | H62: 1 | N62: 1 | V62: 0.64583333 | W62: 1 | X62: 2 | Y62: 3 | AC62: 6
C63: 0.39583333 | D63: LOPEZ SALAS LAUTARO MARTIN | E63: CASTAGNO Melina Eliana | F63: 9 | G63: 0.39583333 | H63: 1 | N63: 1 | V63: 0.67708333 | W63: 1 | X63: 1 | Y63: 2 | Z63: 2 | AC63: 6
C64: 0.39583333 | D64: LOPEZ SALAS LAUTARO MARTIN | F64: Total 9 | H64: 1 | N64: 1 | V64: 0.72916667 | W64: 1 | X64: 2 | Y64: 1 | Z64: 2 | AA64: 2 | AC64: 8
C65: 0.39583333 | D65: PERALTA OLMOS AILIN FRANCESCA | E65: FERREYRA Jennifer Magali | F65: 9 | G65: 0.39583333 | H65: 1 | N65: 1 | V65: 0.76041667 | X65: 3 | Y65: 4 | AC65: 7
C66: 0.39583333 | D66: PERALTA OLMOS AILIN FRANCESCA | F66: Total 9 | H66: 1 | N66: 1 | V66: 0.79166667 | Y66: 1 | Z66: 1 | AA66: 2 | AC66: 4
C67: 0.39583333 | D67: GODOY SANTIAGO | E67: de MEDEIROS Micaela | F67: 9 | G67: 0.39583333 | H67: 1 | N67: 1 | V67: (en blanco) | X67: 4 | AC67: 4
C68: 0.39583333 | D68: GODOY SANTIAGO | F68: Total 9 | H68: 1 | N68: 1 | U68: Total Psico Fliar | W68: 4 | X68: 22 | Y68: 20 | Z68: 11 | AA68: 20 | AC68: 77
C69: 0.39583333 | D69: ALMADA EZCURRA SOFIA | E69: FERREYRA Jennifer Magali | F69: 9 | G69: 0.39583333 | H69: 1 | N69: 1 | U69: Psm | V69: 0.33333333 | W69: 2 | X69: 2 | Y69: 4 | Z69: 3 | AA69: 3 | AC69: 14
C70: 0.39583333 | D70: ALMADA EZCURRA SOFIA | F70: Total 9 | H70: 1 | N70: 1 | V70: 0.36458333 | W70: 2 | X70: 3 | Y70: 3 | Z70: 4 | AA70: 3 | AC70: 15
C71: 0.39583333 | D71: PINTO JESICA NOELIA | E71: ARANDA Karina Alejandra | F71: 9 | G71: 0.39583333 | H71: 1 | N71: 1 | V71: 0.39583333 | W71: 3 | X71: 5 | Y71: 5 | Z71: 5 | AA71: 6 | AC71: 24
C72: 0.39583333 | D72: PINTO JESICA NOELIA | F72: Total 9 | H72: 1 | N72: 1 | V72: 0.44791667 | W72: 2 | X72: 3 | Y72: 2 | Z72: 2 | AA72: 5 | AC72: 14
C73: 0.39583333 | D73: GOROSITO FRANCISCO DANIEL | E73: CASTAGNO Melina Eliana | F73: 9 | G73: 0.39583333 | H73: 1 | N73: 1 | V73: 0.47916667 | W73: 3 | X73: 3 | Y73: 3 | Z73: 2 | AA73: 3 | AC73: 14
C74: 0.39583333 | D74: GOROSITO FRANCISCO DANIEL | F74: Total 9 | H74: 1 | N74: 1 | V74: 0.51041667 | W74: 1 | X74: 3 | Z74: 2 | AA74: 2 | AC74: 8
C75: 0.39583333 | D75: DALIOLI SANTOS EXEQUIEL | E75: de MEDEIROS Micaela | F75: 9 | G75: 0.39583333 | H75: 1 | N75: 1 | V75: 0.54166667 | AA75: 1 | AC75: 1
C76: 0.39583333 | D76: DALIOLI SANTOS EXEQUIEL | F76: Total 9 | H76: 1 | N76: 1 | V76: 0.58333333 | W76: 1 | X76: 3 | Z76: 2 | AA76: 1 | AC76: 7
C77: 0.44791667 | D77: HEREDIA OLIVERA VALENTINO | E77: GOMEZ MARTINA Carolina | F77: 10 | G77: 0.44791667 | H77: 1 | N77: 1 | V77: 0.61458333 | W77: 1 | X77: 3 | Y77: 4 | Z77: 4 | AA77: 1 | AC77: 13
C78: 0.44791667 | D78: HEREDIA OLIVERA VALENTINO | F78: Total 10 | H78: 1 | N78: 1 | V78: 0.64583333 | W78: 3 | X78: 4 | Y78: 3 | Z78: 4 | AA78: 4 | AC78: 18
C79: 0.44791667 | D79: HEREDIA OLIVERA VALENTINO | E79: de MEDEIROS Micaela | F79: 10 | G79: 0.44791667 | H79: 1 | N79: 1 | V79: 0.67708333 | W79: 3 | X79: 1 | Y79: 3 | Z79: 1 | AA79: 1 | AC79: 9
C80: 0.44791667 | D80: HEREDIA OLIVERA VALENTINO | F80: Total 10 | H80: 1 | N80: 1 | V80: 0.72916667 | W80: 4 | X80: 4 | Y80: 3 | Z80: 7 | AA80: 5 | AC80: 23
C81: 0.44791667 | D81: CASCO SANCHEZ MAXIMO GIOVANNI | E81: LAZO Ana Magdalena | F81: 10 | G81: 0.44791667 | H81: 1 | N81: 1 | V81: 0.76041667 | W81: 7 | X81: 3 | Y81: 4 | Z81: 4 | AA81: 3 | AC81: 21
C82: 0.44791667 | D82: CASCO SANCHEZ MAXIMO GIOVANNI | F82: Total 10 | H82: 1 | N82: 1 | V82: 0.79166667 | W82: 4 | X82: 1 | Y82: 4 | Z82: 2 | AA82: 3 | AC82: 14
C83: 0.44791667 | D83: MARTINEZ MARTA OLINDA | E83: CONDORI Jose Hugo | F83: 10 | G83: 0.44791667 | H83: 1 | N83: 1 | V83: (en blanco) | W83: 2 | X83: 2 | Y83: 2 | Z83: 2 | AA83: 2 | AC83: 10
C84: 0.44791667 | D84: MARTINEZ MARTA OLINDA | F84: Total 10 | H84: 1 | N84: 1 | U84: Total Psm | W84: 38 | X84: 40 | Y84: 40 | Z84: 44 | AA84: 43 | AC84: 205
C85: 0.44791667 | D85: ESQUIVEL ALVARO SAMUEL | E85: FERREYRA Jennifer Magali | F85: 10 | G85: 0.44791667 | H85: 1 | N85: 1 | U85: Psp | V85: 0.33333333 | W85: 1 | X85: 3 | Y85: 2 | Z85: 2 | AA85: 3 | AC85: 11
C86: 0.44791667 | D86: ESQUIVEL ALVARO SAMUEL | F86: Total 10 | H86: 1 | N86: 1 | V86: 0.36458333 | W86: 1 | X86: 3 | Y86: 3 | Z86: 4 | AA86: 4 | AC86: 15
C87: 0.44791667 | D87: MOYANO MATEO JULIAN | E87: TOLEDO Sofia del Milagro | F87: 10 | G87: 0.44791667 | H87: 1 | N87: 1 | V87: 0.39583333 | W87: 2 | X87: 4 | Y87: 1 | Z87: 2 | AA87: 5 | AC87: 14
C88: 0.44791667 | D88: MOYANO MATEO JULIAN | F88: Total 10 | H88: 1 | N88: 1 | V88: 0.44791667 | W88: 1 | X88: 2 | Y88: 1 | Z88: 1 | AA88: 2 | AC88: 7
C89: 0.44791667 | D89: CARISSIMO CACERES JUAN AGUSTIN | E89: OLIVA Lucas Julian | F89: 10 | G89: 0.44791667 | H89: 1 | N89: 1 | V89: 0.47916667 | W89: 1 | X89: 3 | Y89: 1 | Z89: 1 | AA89: 4 | AC89: 10
C90: 0.44791667 | D90: CARISSIMO CACERES JUAN AGUSTIN | F90: Total 10 | H90: 1 | N90: 1 | V90: 0.51041667 | W90: 2 | X90: 2 | Z90: 1 | AA90: 2 | AC90: 7
C91: 0.44791667 | D91: LOPEZ SALAS LAUTARO MARTIN | E91: BARRIA VAZQUEZ Luciana ALicia | F91: 10 | G91: 0.44791667 | H91: 1 | N91: 1 | V91: 0.58333333 | W91: 1 | X91: 2 | Y91: 3 | Z91: 2 | AA91: 1 | AC91: 9
C92: 0.44791667 | D92: LOPEZ SALAS LAUTARO MARTIN | F92: Total 10 | H92: 1 | N92: 1 | V92: 0.61458333 | W92: 3 | X92: 3 | Y92: 3 | Z92: 2 | AA92: 2 | AC92: 13
C93: 0.44791667 | D93: PERALTA OLMOS AILIN FRANCESCA | E93: TOLEDO Sofia del Milagro | F93: 10 | G93: 0.44791667 | H93: 1 | N93: 1 | V93: 0.64583333 | W93: 3 | X93: 4 | Y93: 5 | Z93: 3 | AA93: 2 | AC93: 17
C94: 0.44791667 | D94: PERALTA OLMOS AILIN FRANCESCA | F94: Total 10 | H94: 1 | N94: 1 | V94: 0.67708333 | W94: 3 | X94: 4 | Y94: 3 | Z94: 3 | AA94: 2 | AC94: 15
C95: 0.44791667 | D95: ALMADA EZCURRA SOFIA | E95: TOLEDO Sofia del Milagro | F95: 10 | G95: 0.44791667 | H95: 1 | N95: 1 | V95: 0.72916667 | W95: 5 | X95: 4 | Y95: 5 | Z95: 5 | AA95: 1 | AC95: 20
C96: 0.44791667 | D96: ALMADA EZCURRA SOFIA | F96: Total 10 | H96: 1 | N96: 1 | V96: 0.76041667 | W96: 3 | X96: 6 | Y96: 5 | Z96: 6 | AA96: 5 | AC96: 25
C97: 0.44791667 | D97: TOLEDO BORIS | E97: BARRIA VAZQUEZ Luciana ALicia | F97: 10 | G97: 0.44791667 | H97: 1 | N97: 1 | V97: 0.79166667 | W97: 3 | X97: 3 | Y97: 3 | Z97: 3 | AA97: 3 | AC97: 15
C98: 0.44791667 | D98: TOLEDO BORIS | F98: Total 10 | H98: 1 | N98: 1 | V98: (en blanco) | W98: 2 | Y98: 1 | Z98: 1 | AA98: 2 | AC98: 6
C99: 0.44791667 | D99: TOLEDO BORIS | E99: de MEDEIROS Micaela | F99: 10 | G99: 0.44791667 | H99: 1 | N99: 1 | U99: Total Psp | W99: 31 | X99: 43 | Y99: 36 | Z99: 36 | AA99: 38 | AC99: 184
C100: 0.44791667 | D100: TOLEDO BORIS | F100: Total 10 | H100: 1 | N100: 1 | U100: Psp Cai | V100: 0.36458333 | AA100: 1 | AC100: 1
...

Sheet Hoja1
A3: Cuenta de Apellido y Nombre | B3: Etiquetas de columna
A4: Etiquetas de fila | B4: Lunes | C4: Martes | D4: Miercoles | E4: Jueves | F4: Viernes | G4: (en blanco) | H4: Total general
A5: ALMADA Luciana | B5: 7 | D5: 7 | F5: 7 | H5: 21
A6: 0.58333333 | B6: 1 | D6: 1 | F6: 1 | H6: 3
A7: 0.61458333 | B7: 1 | D7: 1 | F7: 1 | H7: 3
A8: 0.64583333 | B8: 1 | D8: 1 | F8: 1 | H8: 3
A9: 0.67708333 | B9: 1 | D9: 1 | F9: 1 | H9: 3
A10: 0.72916667 | B10: 1 | D10: 1 | F10: 1 | H10: 3
A11: 0.79166667 | B11: 1 | D11: 1 | F11: 1 | H11: 3
A12: 0.76041667 | B12: 1 | D12: 1 | F12: 1 | H12: 3
A13: ANSELMI Juliana Lourdes | B13: 7 | C13: 7 | D13: 7 | E13: 7 | H13: 28
A14: 0.58333333 | B14: 1 | C14: 1 | D14: 1 | E14: 1 | H14: 4
A15: 0.61458333 | B15: 1 | C15: 1 | D15: 1 | E15: 1 | H15: 4
A16: 0.64583333 | B16: 1 | C16: 1 | D16: 1 | E16: 1 | H16: 4
A17: 0.67708333 | B17: 1 | C17: 1 | D17: 1 | E17: 1 | H17: 4
A18: 0.72916667 | B18: 1 | C18: 1 | D18: 1 | E18: 1 | H18: 4
A19: 0.79166667 | B19: 1 | C19: 1 | D19: 1 | E19: 1 | H19: 4
A20: 0.76041667 | B20: 1 | C20: 1 | D20: 1 | E20: 1 | H20: 4
A21: ARANDA Karina Alejandra | B21: 14 | D21: 14 | E21: 7 | F21: 7 | H21: 42
A22: 0.33333333 | B22: 1 | D22: 1 | F22: 1 | H22: 3
A23: 0.36458333 | B23: 1 | D23: 1 | F23: 1 | H23: 3
A24: 0.39583333 | B24: 1 | D24: 1 | F24: 1 | H24: 3
A25: 0.44791667 | B25: 1 | D25: 1 | F25: 1 | H25: 3
A26: 0.47916667 | B26: 1 | D26: 1 | F26: 1 | H26: 3
A27: 0.51041667 | B27: 1 | D27: 1 | F27: 1 | H27: 3
A28: 0.54166667 | B28: 1 | D28: 1 | F28: 1 | H28: 3
A29: 0.58333333 | B29: 1 | D29: 1 | E29: 1 | H29: 3
A30: 0.61458333 | B30: 1 | D30: 1 | E30: 1 | H30: 3
A31: 0.64583333 | B31: 1 | D31: 1 | E31: 1 | H31: 3
A32: 0.67708333 | B32: 1 | D32: 1 | E32: 1 | H32: 3
A33: 0.72916667 | B33: 1 | D33: 1 | E33: 1 | H33: 3
A34: 0.79166667 | B34: 1 | D34: 1 | E34: 1 | H34: 3
A35: 0.76041667 | B35: 1 | D35: 1 | E35: 1 | H35: 3
A36: ARMOA Andrea Celeste | C36: 14 | E36: 7 | F36: 7 | H36: 28
A37: 0.33333333 | C37: 1 | F37: 1 | H37: 2
A38: 0.36458333 | C38: 1 | F38: 1 | H38: 2
A39: 0.39583333 | C39: 1 | F39: 1 | H39: 2
A40: 0.44791667 | C40: 1 | F40: 1 | H40: 2
A41: 0.47916667 | C41: 1 | F41: 1 | H41: 2
A42: 0.51041667 | C42: 1 | F42: 1 | H42: 2
A43: 0.54166667 | C43: 1 | F43: 1 | H43: 2
A44: 0.58333333 | C44: 1 | E44: 1 | H44: 2
A45: 0.61458333 | C45: 1 | E45: 1 | H45: 2
A46: 0.64583333 | C46: 1 | E46: 1 | H46: 2
A47: 0.67708333 | C47: 1 | E47: 1 | H47: 2
A48: 0.72916667 | C48: 1 | E48: 1 | H48: 2
A49: 0.79166667 | C49: 1 | E49: 1 | H49: 2
A50: 0.76041667 | C50: 1 | E50: 1 | H50: 2
A51: BARRIA VAZQUEZ Luciana ALicia | B51: 14 | C51: 7 | D51: 7 | E51: 7 | F51: 6 | H51: 41
A52: 0.33333333 | B52: 1 | D52: 1 | F52: 1 | H52: 3
A53: 0.36458333 | B53: 1 | D53: 1 | F53: 1 | H53: 3
A54: 0.39583333 | B54: 1 | D54: 1 | F54: 1 | H54: 3
A55: 0.44791667 | B55: 1 | D55: 1 | F55: 1 | H55: 3
A56: 0.47916667 | B56: 1 | D56: 1 | F56: 1 | H56: 3
A57: 0.51041667 | B57: 1 | D57: 1 | F57: 1 | H57: 3
A58: 0.54166667 | B58: 1 | D58: 1 | H58: 2
A59: 0.58333333 | B59: 1 | C59: 1 | E59: 1 | H59: 3
A60: 0.61458333 | B60: 1 | C60: 1 | E60: 1 | H60: 3
A61: 0.64583333 | B61: 1 | C61: 1 | E61: 1 | H61: 3
A62: 0.67708333 | B62: 1 | C62: 1 | E62: 1 | H62: 3
A63: 0.72916667 | B63: 1 | C63: 1 | E63: 1 | H63: 3
A64: 0.79166667 | B64: 1 | C64: 1 | E64: 1 | H64: 3
A65: 0.76041667 | B65: 1 | C65: 1 | E65: 1 | H65: 3
A66: BENEDETTO Andres Esteban | C66: 7 | D66: 7 | E66: 7 | H66: 21
A67: 0.33333333 | C67: 1 | D67: 1 | E67: 1 | H67: 3
A68: 0.36458333 | C68: 1 | D68: 1 | E68: 1 | H68: 3
A69: 0.39583333 | C69: 1 | D69: 1 | E69: 1 | H69: 3
A70: 0.44791667 | C70: 1 | D70: 1 | E70: 1 | H70: 3
A71: 0.47916667 | C71: 1 | D71: 1 | E71: 1 | H71: 3
A72: 0.51041667 | C72: 1 | D72: 1 | E72: 1 | H72: 3
A73: 0.54166667 | C73: 1 | D73: 1 | E73: 1 | H73: 3
A74: CASTRO Lucia Macarena | B74: 7 | C74: 7 | D74: 14 | E74: 7 | F74: 14 | H74: 49
A75: 0.33333333 | D75: 1 | F75: 1 | H75: 2
A76: 0.36458333 | D76: 1 | F76: 1 | H76: 2
A77: 0.39583333 | D77: 1 | F77: 1 | H77: 2
A78: 0.44791667 | D78: 1 | F78: 1 | H78: 2
A79: 0.47916667 | D79: 1 | F79: 1 | H79: 2
A80: 0.51041667 | D80: 1 | F80: 1 | H80: 2
A81: 0.54166667 | D81: 1 | F81: 1 | H81: 2
A82: 0.58333333 | B82: 1 | C82: 1 | D82: 1 | E82: 1 | F82: 1 | H82: 5
A83: 0.61458333 | B83: 1 | C83: 1 | D83: 1 | E83: 1 | F83: 1 | H83: 5
A84: 0.64583333 | B84: 1 | C84: 1 | D84: 1 | E84: 1 | F84: 1 | H84: 5
A85: 0.67708333 | B85: 1 | C85: 1 | D85: 1 | E85: 1 | F85: 1 | H85: 5
A86: 0.72916667 | B86: 1 | C86: 1 | D86: 1 | E86: 1 | F86: 1 | H86: 5
A87: 0.79166667 | B87: 1 | C87: 1 | D87: 1 | E87: 1 | F87: 1 | H87: 5
A88: 0.76041667 | B88: 1 | C88: 1 | D88: 1 | E88: 1 | F88: 1 | H88: 5
A89: CORTEZ Carolina Anahi | D89: 7 | F89: 7 | H89: 14
A90: 0.58333333 | D90: 1 | F90: 1 | H90: 2
A91: 0.61458333 | D91: 1 | F91: 1 | H91: 2
A92: 0.64583333 | D92: 1 | F92: 1 | H92: 2
A93: 0.67708333 | D93: 1 | F93: 1 | H93: 2
A94: 0.72916667 | D94: 1 | F94: 1 | H94: 2
A95: 0.79166667 | D95: 1 | F95: 1 | H95: 2
A96: 0.76041667 | D96: 1 | F96: 1 | H96: 2
A97: CRIADO Sabrina Tamara | B97: 7 | D97: 7 | F97: 7 | H97: 21
A98: 0.58333333 | B98: 1 | D98: 1 | F98: 1 | H98: 3
A99: 0.61458333 | B99: 1 | D99: 1 | F99: 1 | H99: 3
A100: 0.64583333 | B100: 1 | D100: 1 | F100: 1 | H100: 3
A101: 0.67708333 | B101: 1 | D101: 1 | F101: 1 | H101: 3
A102: 0.72916667 | B102: 1 | D102: 1 | F102: 1 | H102: 3
...

Sheet VISTA POR PROFESIONAL
A2: VISTA POR PRESTACION Y PROFESIONAL
A6: - | F6: dia
A7: PRESTACION | B7: profesional | C7: Horas (hora) | D7: hora | E7: PACIENTE | F7: Lunes | G7: Martes | H7: Miercoles | I7: Jueves | J7: Viernes | K7: (en blanco) | L7: sesiones semanales
A8: Fono | B8: ARABIA Amira Nair | C8: 16 | D8: 0.67708333 | E8: MOYA BRUNO CALIXTO | J8: 1 | L8: 1
C9: Total 16 | J9: 1 | L9: 1
C10: 18 | D10: 0.76041667 | E10: CUELLO VALENTINO ANDRES | J10: 1 | L10: 1
C11: Total 18 | J11: 1 | L11: 1
B12: Total ARABIA Amira Nair | J12: 2 | L12: 2
B13: ARMOA Andrea Celeste | C13: 10 | D13: 0.44791667 | E13: MONTIVERO LUDUEÑA CARLOS MAXIMILIANO | G13: 1 | L13: 1
D14: 0.44791667 | E14: COLAZO SANCHEZ SEBASTIAN ANDRES | G14: 1 | L14: 1
D15: 0.44791667 | E15: LOPEZ SALAS LAUTARO MARTIN | J15: 1 | L15: 1
D16: 0.44791667 | E16: PICHILINGUE ROMERO JUAN MARTIN | G16: 1 | J16: 1 | L16: 2
C17: Total 10 | G17: 3 | J17: 2 | L17: 5
C18: 11 | D18: 0.47916667 | E18: CORNEJO ANDULCE POOL VALENTINO | G18: 1 | J18: 1 | L18: 2
C19: Total 11 | G19: 1 | J19: 1 | L19: 2
C20: 14 | D20: 0.58333333 | E20: URFALIAN EMANUEL GABRIEL | G20: 1 | L20: 1
D21: 0.58333333 | E21: GUEVARA NOAH ALEXANDER | I21: 1 | L21: 1
D22: 0.58333333 | E22: AVALOS LAUTARO JOAQUÍN | I22: 1 | L22: 1
D23: 0.61458333 | E23: ROBIN FELIPE BENJAMIN | I23: 1 | L23: 1
D24: 0.61458333 | E24: VARELA CIRO | G24: 1 | I24: 1 | L24: 2
D25: 0.61458333 | E25: VIVANCO CABRERA MATEO JOAQUIN | G25: 1 | L25: 1
C26: Total 14 | G26: 3 | I26: 4 | L26: 7
C27: 15 | D27: 0.64583333 | E27: CAROLI VILLARREAL AXEL BENJAMIN | I27: 1 | L27: 1
D28: 0.64583333 | E28: FURTADO JUAN JOSE | G28: 1 | L28: 1
D29: 0.64583333 | E29: CUELLO BARRERA TIAGO JESUS | G29: 1 | L29: 1
C30: Total 15 | G30: 2 | I30: 1 | L30: 3
C31: 16 | D31: 0.67708333 | E31: FURTADO JUAN JOSE | I31: 1 | L31: 1
D32: 0.67708333 | E32: VIJARRA JOAQUIN EMILIANO | G32: 1 | I32: 1 | L32: 2
D33: 0.67708333 | E33: MOYANO SANTINO LEONEL | I33: 1 | L33: 1
C34: Total 16 | G34: 1 | I34: 3 | L34: 4
C35: 17 | D35: 0.72916667 | E35: HEREDIA JOAQUIN | G35: 1 | I35: 1 | L35: 2
C36: Total 17 | G36: 1 | I36: 1 | L36: 2
C37: 18 | D37: 0.76041667 | E37: PATAGUA THEO VALENTIN | G37: 1 | L37: 1
D38: 0.76041667 | E38: GUTIERREZ OLAVE CRISTOBAL NICOLAS | G38: 1 | I38: 1 | L38: 2
D39: 0.76041667 | E39: PEREZ ESCUDERO ARUMA ISABELLA | I39: 1 | L39: 1
C40: Total 18 | G40: 2 | I40: 2 | L40: 4
C41: 8 | D41: 0.33333333 | E41: DIDYCZ ESTRADA MALENA VALENTINA | G41: 1 | J41: 1 | L41: 2
D42: 0.36458333 | E42: PAEZ FORMOSO LEON BENJAMIN | G42: 1 | J42: 1 | L42: 2
D43: 0.36458333 | E43: PEREYRA LUCCA PATRICIO | J43: 1 | L43: 1
D44: 0.36458333 | E44: MARTINEZ TOMAS | G44: 1 | L44: 1
C45: Total 8 | G45: 3 | J45: 3 | L45: 6
C46: 9 | D46: 0.39583333 | E46: BARRIONUEVO ALAN EZEQUIEL | J46: 1 | L46: 1
D47: 0.39583333 | E47: COLAZO SANCHEZ SEBASTIAN ANDRES | J47: 1 | L47: 1
D48: 0.39583333 | E48: GALINDEZ AMABELLA FRANCESCA | G48: 1 | L48: 1
D49: 0.39583333 | E49: FALCON MALENA AGUSTINA | G49: 1 | L49: 1
C50: Total 9 | G50: 2 | J50: 2 | L50: 4
B51: Total ARMOA Andrea Celeste | G51: 18 | I51: 11 | J51: 8 | L51: 37
B52: BARRIA VAZQUEZ Luciana ALicia | C52: 10 | D52: 0.44791667 | E52: CEJAS JOSE GABRIEL | J52: 1 | L52: 1
D53: 0.44791667 | E53: LOPEZ SALAS LAUTARO MARTIN | F53: 1 | L53: 1
D54: 0.44791667 | E54: TOLEDO BORIS | F54: 1 | L54: 1
D55: 0.44791667 | E55: CEBALLOS DELFINA AZUL | H55: 1 | L55: 1
C56: Total 10 | F56: 2 | H56: 1 | J56: 1 | L56: 4
C57: 11 | D57: 0.47916667 | E57: TRONCOSO GONZALO | H57: 1 | L57: 1
D58: 0.47916667 | E58: MARTINEZ MARTA OLINDA | F58: 1 | L58: 1
D59: 0.47916667 | E59: PINTO JESICA NOELIA | J59: 1 | L59: 1
D60: 0.47916667 | E60: ARROYO OSCAR ALFREDO | F60: 1 | L60: 1
C61: Total 11 | F61: 2 | H61: 1 | J61: 1 | L61: 4
C62: 12 | D62: 0.51041667 | E62: VIVANCO ANGELICA BEATRIZ | F62: 1 | L62: 1
D63: 0.51041667 | E63: PEREZ AZUL CATALINA | H63: 1 | L63: 1
C64: Total 12 | F64: 1 | H64: 1 | L64: 2
C65: 14 | D65: 0.58333333 | E65: JAZBEC JEREMIAS | F65: 1 | L65: 1
D66: 0.58333333 | E66: LAZARTE MATEO LIONEL | G66: 1 | L66: 1
D67: 0.61458333 | E67: ROBIN FELIPE BENJAMIN | F67: 1 | L67: 1
D68: 0.61458333 | E68: CACIVA MINASSIAN MORENA | I68: 1 | L68: 1
C69: Total 14 | F69: 2 | G69: 1 | I69: 1 | L69: 4
C70: 15 | D70: 0.64583333 | E70: RODRIGUEZ LEON PATRICIO | I70: 1 | L70: 1
D71: 0.64583333 | E71: MACHADO VIDELA BENJAMIN FRANCESCO | F71: 1 | L71: 1
D72: 0.64583333 | E72: LOZA RODIO VITTORIO | G72: 1 | L72: 1
C73: Total 15 | F73: 1 | G73: 1 | I73: 1 | L73: 3
C74: 16 | D74: 0.67708333 | E74: FLINT CONSTANTINO | I74: 1 | L74: 1
D75: 0.67708333 | E75: CACIVA MINASSIAN MORENA | F75: 1 | L75: 1
